Date,Average_Temp,Average_Prep
1/1/06,48,0.11
1/2/06,44,0.23
1/3/06,40,0.15
1/4/06,45,0.01
1/5/06,48,1.22
1/6/06,51,0.18
1/7/06,46,0.26
1/8/06,42,0.06
1/9/06,48,1.33
1/10/06,49,1.02
1/11/06,46,0.19
1/12/06,44,0.63
1/13/06,47,0.53
1/14/06,40,0.42
1/15/06,40,0
1/18/06,44,0.07
1/24/06,46,0
1/25/06,41,0
1/26/06,44,0.17
1/27/06,42,0.22
1/28/06,42,0.73
1/29/06,42,0.73
1/30/06,48,0.7
1/31/06,44,0.47
2/1/06,48,0.39
2/2/06,46,0.37
2/3/06,48,0.12
2/4/06,46,0.7
2/5/06,41,0
2/6/06,45,0
2/7/06,46,0
2/8/06,46,0.21
2/9/06,44,0
2/10/06,46,0
2/11/06,44,0
2/12/06,45,0
2/13/06,42,0
2/14/06,39,0
2/15/06,36,0
2/16/06,36,0
2/17/06,32,0
2/18/06,32,0
2/19/06,34,0
2/20/06,32,0
2/21/06,42,0
2/22/06,44,0
2/23/06,40,0.18
2/24/06,36,0
2/25/06,40,0
2/27/06,47,0.1
2/28/06,42,0.54
3/1/06,48,0
3/2/06,48,0.05
3/3/06,44,0
3/4/06,48,0
3/5/06,50,0.06
3/6/06,50,0.08
3/7/06,47,0.05
3/8/06,40,0.54
3/9/06,39,0.07
3/10/06,40,0.1
3/11/06,40,0
3/12/06,40,0
3/13/06,43,0.05
3/14/06,46,0.03
3/15/06,44,0.05
3/16/06,44,0.07
3/17/06,42,0.06
3/18/06,44,0.17
3/19/06,42,0
3/20/06,47,0
3/21/06,48,0.07
3/22/06,50,0.12
3/23/06,55,0
3/24/06,49,0.29
3/25/06,44,0.01
3/26/06,46,0
3/27/06,50,0
3/28/06,52,0.16
3/29/06,50,0
3/30/06,50,0
3/31/06,52,0.07
4/1/06,48,0.28
4/2/06,50,0
4/3/06,50,0.14
4/4/06,48,0
4/5/06,52,0
4/6/06,48,0
4/7/06,52,0
4/8/06,50,0.33
4/9/06,50,0.01
4/10/06,52,0
4/11/06,51,0
4/12/06,52,0.07
4/13/06,48,0.33
4/14/06,44,0.14
4/15/06,46,0.14
4/16/06,46,0.14
4/17/06,47,0.14
4/20/06,54,0.03
4/21/06,48,0.03
4/22/06,48,0
4/23/06,58,0
4/24/06,58,0
4/25/06,56,0
4/26/06,50,0
4/27/06,58,0
4/28/06,62,0
4/29/06,47,0.63
4/30/06,46,0.63
5/2/06,50,0
5/3/06,56,0
5/4/06,60,0
5/5/06,60,0
5/6/06,52,0.03
5/7/06,52,0.03
5/8/06,50,0
5/9/06,52,0
5/20/06,60,0.01
5/21/06,59,0.03
5/22/06,58,0.24
5/23/06,56,0.19
5/24/06,58,0.22
5/25/06,54,0.04
5/26/06,55,0.17
5/27/06,54,0.36
5/28/06,55,0.19
5/29/06,58,0
5/30/06,60,0
5/31/06,64,0.09
6/1/06,63,0.24
6/2/06,60,0.06
6/3/06,62,0
6/4/06,60,0.57
6/5/06,62,0
6/6/06,62,0
6/7/06,62,0
6/8/06,58,0.14
6/9/06,57,0.49
6/10/06,60,0
6/11/06,64,0
6/12/06,65,0.05
6/13/06,62,0.01
6/14/06,60,0.05
6/15/06,62,0
6/16/06,62,0.2
6/17/06,62,0
6/18/06,59,0
6/19/06,60,0
6/20/06,61,0
6/21/06,60,0
6/22/06,62,0
6/23/06,64,0
6/24/06,68,0
6/25/06,74,0
6/26/06,78,0
6/27/06,73,0
6/28/06,64,0
6/29/06,68,0
6/30/06,72,0
7/1/06,68,0
7/2/06,68,0
7/3/06,66,0
7/4/06,66,0.02
7/5/06,59,0
7/6/06,60,0
7/7/06,65,0
7/8/06,70,0
7/9/06,72,0
7/10/06,62,0
7/11/06,63,0
7/12/06,64,0.03
7/13/06,62,0.01
7/14/06,68,0
7/15/06,66,0
7/16/06,66,0
7/17/06,62,0
7/18/06,64,0
7/19/06,66,0
7/20/06,71,0
7/21/06,78,0
7/22/06,81,0
7/23/06,80,0
7/24/06,80,0
7/25/06,68,0
7/26/06,72,0
7/27/06,71,0
7/28/06,63,0
7/29/06,60,0
7/30/06,63,0.02
7/31/06,66,0
8/1/06,65,0
8/2/06,66,0
8/3/06,66,0
8/4/06,65,0
8/5/06,68,0
8/6/06,72,0
8/7/06,70,0
8/8/06,64,0
8/9/06,66,0
8/10/06,64,0.02
8/11/06,62,0
8/12/06,63,0
8/13/06,66,0
8/14/06,70,0
8/15/06,62,0
8/16/06,64,0
8/17/06,63,0
8/18/06,66,0
8/19/06,68,0
8/20/06,70,0
8/21/06,66,0
8/22/06,62,0
8/23/06,60,0
8/24/06,62,0
8/25/06,66,0
8/26/06,70,0
8/27/06,72,0
8/28/06,70,0
8/29/06,60,0
8/30/06,62,0.02
8/31/06,62,0
9/1/06,70,0
9/2/06,70,0
9/3/06,69,0
9/4/06,68,0
9/5/06,66,0
9/6/06,68,0
9/7/06,62,0
9/8/06,61,0
9/12/06,65,0
9/13/06,58,0
9/14/06,56,0.44
9/15/06,56,0.05
9/16/06,58,0.01
9/17/06,58,0
9/18/06,62,0.32
9/19/06,56,0.28
9/20/06,55,0.35
9/21/06,54,0.23
9/22/06,56,0
9/23/06,59,0
9/24/06,62,0
9/25/06,64,0
9/26/06,64,0.01
9/27/06,66,0
9/28/06,66,0
9/29/06,64,0
9/30/06,57,0
10/1/06,58,0
10/2/06,54,0
10/3/06,54,0
10/4/06,58,0
10/5/06,60,0
10/6/06,55,0.02
10/7/06,52,0.01
10/8/06,54,0
10/9/06,56,0
10/10/06,53,0
10/11/06,55,0
10/12/06,57,0
10/13/06,54,0
10/14/06,50,0.03
10/15/06,52,0.38
10/16/06,51,0.03
10/17/06,55,0
10/18/06,52,0.21
10/19/06,56,0.21
10/20/06,50,0
10/21/06,53,0
10/22/06,52,0
10/23/06,48,0
10/24/06,49,0.08
10/25/06,47,0
10/26/06,52,0
10/27/06,55,0
10/28/06,50,0
10/29/06,46,0.51
10/30/06,38,0
10/31/06,39,0
11/1/06,42,0.01
11/2/06,46,1.14
11/3/06,54,0.36
11/4/06,56,1.15
11/5/06,55,0.75
11/6/06,60,2.13
11/7/06,54,0.45
11/8/06,49,0.35
11/9/06,48,0.22
11/10/06,46,0.92
11/11/06,46,0.19
11/12/06,46,1.06
11/13/06,44,0.21
11/14/06,43,0.02
11/15/06,50,0.82
11/16/06,46,0
11/17/06,46,0
11/18/06,46,0
11/19/06,49,0.53
11/20/06,48,0.84
11/21/06,46,0.83
11/22/06,44,0.57
11/23/06,42,0.39
11/24/06,42,0
11/25/06,40,0.02
11/26/06,37,0.75
11/27/06,34,0.05
11/28/06,26,0
11/29/06,26,0.22
11/30/06,43,0.08
12/1/06,38,0.01
12/2/06,38,0
12/3/06,40,0
12/4/06,42,0
12/5/06,45,0
12/6/06,42,0
12/7/06,46,0
12/8/06,45,0.02
12/9/06,44,0.18
12/10/06,45,0.11
12/11/06,49,1.33
12/12/06,46,0.44
12/13/06,48,0.41
12/14/06,48,1.92
12/15/06,42,0.06
12/17/06,34,0
12/18/06,33,0
12/19/06,40,0.01
12/20/06,41,0.45
12/21/06,45,0.36
12/22/06,42,0
12/23/06,40,0.59
12/24/06,40,0.85
12/26/06,40,1.4
12/27/06,38,0.21
12/28/06,35,0.21
12/29/06,36,0.21
12/30/06,36,0
12/31/06,41,0
1/1/07,42,0.21
1/2/07,52,1.38
1/3/07,44,0.27
1/4/07,38,0.07
1/5/07,38,1.01
1/6/07,40,0.01
1/7/07,46,0.64
1/8/07,46,0
1/9/07,44,0.2
1/10/07,34,0.2
1/11/07,30,0.2
1/12/07,25,0
1/13/07,26,0
1/14/07,26,0
1/15/07,28,0
1/16/07,32,0.06
1/17/07,36,0.09
1/18/07,40,0.12
1/19/07,42,0.11
1/20/07,42,0
1/21/07,41,0
1/22/07,46,0
1/23/07,48,0
1/24/07,44,0
1/25/07,40,0.01
1/26/07,42,0
2/13/07,47,0.01
2/14/07,45,0.07
2/15/07,52,0.08
2/16/07,49,0.04
2/17/07,52,0.13
2/18/07,45,0
2/19/07,45,0.48
2/20/07,41,0.2
2/21/07,44,0.01
2/22/07,42,0.07
2/23/07,40,0.01
2/24/07,41,0.4
2/25/07,42,0.2
2/26/07,41,0.07
2/27/07,38,0.08
2/28/07,38,0.01
3/1/07,37,0
3/2/07,39,0.25
3/3/07,48,0.03
3/4/07,50,0
3/5/07,53,0.05
3/6/07,54,0
3/7/07,50,0.3
3/8/07,46,0.52
3/9/07,48,0.03
3/10/07,52,0.19
3/11/07,56,0.51
3/12/07,49,0.09
3/13/07,42,0.01
3/14/07,44,0.01
3/15/07,41,0.01
3/16/07,56,0
3/17/07,50,0.12
3/18/07,56,0.01
3/19/07,50,0.38
3/20/07,42,0.29
3/21/07,40,0
3/22/07,48,0.1
3/23/07,50,0.06
3/24/07,50,0.52
3/25/07,49,0.09
3/28/07,44,0.4
3/29/07,50,0
3/30/07,50,0.05
3/31/07,46,0.26
4/1/07,42,0.04
4/2/07,42,0.01
4/3/07,44,0
4/4/07,53,0
4/5/07,58,0
4/6/07,62,0
4/7/07,58,0.01
4/8/07,52,0.17
4/9/07,48,0.24
4/10/07,48,0.01
4/11/07,52,0
4/12/07,48,0
4/13/07,49,0.11
4/14/07,50,0
4/15/07,48,0
4/16/07,49,0.06
4/17/07,48,0.05
4/18/07,48,0.15
4/19/07,46,0
4/20/07,48,0
4/21/07,50,0.07
4/22/07,54,0
4/23/07,54,0
4/24/07,54,0.07
4/25/07,50,0.07
4/26/07,54,0
4/27/07,56,0.01
4/28/07,54,0.01
4/29/07,53,0
4/30/07,53,0.07
5/1/07,50,0.07
5/2/07,50,0.43
5/3/07,48,0.02
5/4/07,50,0.02
5/5/07,50,0.02
5/6/07,52,0
5/7/07,62,0
5/8/07,62,0
5/10/07,56,0
5/11/07,54,0
5/12/07,54,0
5/13/07,50,0.03
5/14/07,54,0
5/15/07,66,0
5/16/07,54,0
5/17/07,56,0
5/18/07,59,0
5/19/07,56,0.06
5/20/07,50,0.56
5/21/07,52,0.51
5/22/07,55,0.51
5/23/07,57,0
5/24/07,60,0
5/25/07,62,0
5/26/07,58,0
5/27/07,52,0.06
5/28/07,55,0
5/29/07,63,0
5/30/07,70,0
5/31/07,68,0
6/3/07,72,0.03
6/7/07,56,0
6/8/07,58,0
6/9/07,58,0
6/10/07,58,0
6/11/07,56,0
6/12/07,58,0
6/13/07,58,0
6/14/07,58,0
6/15/07,59,0.18
6/16/07,58,0.02
6/17/07,56,0.06
6/18/07,56,0
6/19/07,62,0
6/20/07,66,0
6/21/07,64,0
6/22/07,60,0
6/23/07,60,0
6/24/07,56,0.12
6/25/07,58,0
6/26/07,65,0
6/27/07,64,0
6/28/07,64,0.16
6/29/07,60,0.1
6/30/07,62,0.1
7/1/07,65,0
7/2/07,68,0
7/3/07,70,0
7/4/07,70,0
7/5/07,69,0
7/6/07,68,0
7/7/07,68,0
7/8/07,64,0
7/9/07,68,0
7/10/07,76,0
7/11/07,82,0
7/12/07,70,0
7/13/07,68,0
7/14/07,70,0
7/15/07,72,0
7/16/07,72,0
7/17/07,66,0.05
7/18/07,64,0.31
7/19/07,66,0.01
7/20/07,63,0.4
7/21/07,66,0.21
7/22/07,68,0.37
7/23/07,65,0.02
7/24/07,64,0
7/25/07,65,0
7/26/07,62,0
7/27/07,67,0
7/28/07,68,0
7/29/07,64,0
7/30/07,64,0
7/31/07,66,0
8/1/07,70,0
8/2/07,70,0
8/3/07,64,0.01
8/4/07,65,0
8/5/07,66,0
8/6/07,62,0.01
8/7/07,64,0.01
8/8/07,66,0
8/9/07,62,0
8/10/07,66,0
8/11/07,63,0
8/12/07,63,0
8/13/07,65,0
8/14/07,68,0
8/15/07,70,0
8/16/07,66,0
8/17/07,65,0
8/18/07,65,0.07
8/19/07,60,0.3
8/20/07,62,0.34
8/21/07,68,0.03
8/22/07,66,0
8/23/07,68,0
8/24/07,68,0
8/25/07,66,0.01
8/26/07,62,0.3
8/27/07,62,0
8/28/07,64,0
8/29/07,69,0
8/30/07,70,0
8/31/07,62,0.02
9/1/07,64,0
9/2/07,66,0
9/3/07,68,0.03
9/4/07,64,0.74
9/5/07,67,0
9/6/07,66,0
9/7/07,62,0
9/8/07,62,0
9/9/07,66,0
9/10/07,70,0
9/11/07,68,0
9/12/07,64,0
9/13/07,62,0
9/14/07,62,0
9/15/07,60,0
9/16/07,58,0.12
9/17/07,57,0.12
9/18/07,56,0
9/19/07,58,0
9/20/07,54,0
9/21/07,59,0.02
9/22/07,58,0
9/23/07,55,0
9/24/07,55,0
9/25/07,54,0.01
9/26/07,56,0
9/27/07,57,0.17
9/28/07,52,0.11
9/29/07,52,0.01
9/30/07,52,1
10/1/07,56,0.13
10/2/07,54,0.18
10/3/07,51,0.17
10/4/07,52,0.05
10/5/07,50,0
10/6/07,50,0.01
10/7/07,58,0.19
10/8/07,50,0
10/9/07,58,0.01
10/10/07,56,0.01
10/11/07,51,0
10/12/07,55,0.01
10/13/07,53,0
10/14/07,56,0.01
10/15/07,60,0.09
10/16/07,50,0.03
10/17/07,49,0.22
10/18/07,54,0.19
10/19/07,50,0.6
10/20/07,48,0.18
10/21/07,52,0.06
10/28/07,48,0
10/29/07,50,0
11/1/07,46,0
11/2/07,40,0
11/3/07,52,0
11/4/07,50,0
11/5/07,48,0
11/6/07,46,0
11/7/07,52,0.06
11/8/07,54,0.02
11/9/07,53,0.2
11/10/07,49,0.13
11/11/07,48,0.03
11/12/07,48,0.51
11/13/07,45,0
11/14/07,46,0.11
11/15/07,52,0.91
11/16/07,51,0.12
11/17/07,49,0.4
11/18/07,42,0
11/19/07,44,0.24
11/20/07,42,0.02
11/21/07,42,0
11/22/07,39,0
11/23/07,36,0
11/24/07,38,0
11/25/07,39,0
11/26/07,37,0.33
11/27/07,42,0
11/28/07,40,0.12
11/29/07,39,0
11/30/07,40,0
12/1/07,36,0.34
12/2/07,40,1.47
12/3/07,53,3.98
12/4/07,52,0.2
12/5/07,44,0
12/6/07,42,0.01
12/7/07,42,0
12/8/07,35,0
12/9/07,32,0
12/10/07,36,0.01
12/11/07,36,0.02
12/12/07,38,0.01
12/13/07,40,0.14
12/14/07,44,0.02
12/15/07,44,0.26
12/16/07,44,0.08
12/17/07,42,0.11
12/18/07,44,0.48
12/19/07,44,0.69
12/20/07,38,0.08
12/21/07,36,0
12/22/07,42,0.35
12/23/07,44,0.35
12/24/07,40,0
12/26/07,39,0
12/27/07,37,0.4
12/28/07,40,0.08
12/29/07,40,0.09
12/30/07,38,0
12/31/07,38,0
1/1/08,44,0
1/2/08,41,0.52
1/3/08,46,0.52
1/4/08,48,0.1
1/5/08,42,0.14
1/6/08,36,0.18
1/7/08,38,0.18
1/8/08,38,0.47
1/9/08,40,0.29
1/10/08,44,0.51
1/11/08,46,0.04
1/12/08,46,0.04
1/13/08,44,0.04
1/14/08,40,0.15
1/15/08,34,0
1/16/08,36,0
1/17/08,38,0
1/18/08,38,0
1/19/08,38,0.12
1/20/08,38,0.12
1/21/08,32,0.12
1/22/08,32,0
1/23/08,34,0
1/24/08,37,0
1/25/08,32,0
1/26/08,32,0.18
1/27/08,34,0
1/28/08,36,0.03
1/29/08,38,0.12
1/30/08,39,0.15
1/31/08,40,0.17
2/1/08,40,0
2/2/08,39,0
2/3/08,36,0.01
2/4/08,37,0
2/5/08,42,0.19
2/6/08,40,0.35
2/7/08,44,0.01
2/8/08,44,0.26
2/9/08,50,0.05
2/10/08,47,0.17
2/11/08,48,0
2/12/08,46,0
2/13/08,40,0
2/14/08,39,0
2/15/08,42,0.03
2/16/08,44,0
2/17/08,42,0
2/18/08,42,0
2/19/08,42,0
2/20/08,46,0
2/21/08,42,0
2/22/08,48,0
2/23/08,45,0
2/24/08,48,0
2/25/08,49,0
2/26/08,48,0
2/27/08,48,0.04
2/28/08,50,0
2/29/08,52,0.12
3/1/08,44,0.1
3/2/08,42,0
3/3/08,44,0
3/4/08,44,0
3/5/08,40,0
3/6/08,44,0
3/7/08,46,0.03
3/8/08,46,0
3/9/08,48,0
3/10/08,52,0.26
3/11/08,44,0.09
3/12/08,42,0.09
3/13/08,43,0.43
3/14/08,44,0.23
3/15/08,42,0.23
3/16/08,42,0.15
3/17/08,46,0
3/18/08,45,0
3/19/08,44,0.08
3/20/08,42,0.14
3/21/08,42,0
3/22/08,47,0
3/24/08,42,0
3/25/08,39,0.1
3/26/08,39,0.35
3/27/08,40,0.01
3/28/08,38,0.44
3/29/08,40,0.34
3/30/08,39,0.05
3/31/08,44,0.09
4/1/08,42,0
4/2/08,43,0
4/3/08,44,0
4/4/08,44,0.06
4/5/08,44,0
4/6/08,46,0.08
4/7/08,46,0
4/8/08,42,0.16
4/9/08,44,0
4/10/08,49,0
4/11/08,48,0
4/12/08,61,0
4/13/08,50,0.1
4/14/08,44,0.24
4/15/08,42,0.05
4/16/08,48,0
4/17/08,50,0.02
4/18/08,42,0.04
4/19/08,39,0.08
4/20/08,40,0.01
4/21/08,42,0.01
4/22/08,48,0
4/23/08,48,0.14
4/24/08,48,0
4/25/08,48,0
4/26/08,52,0
4/27/08,55,0.05
4/28/08,54,0.05
4/29/08,47,0.24
4/30/08,46,0.24
5/1/08,49,0.03
5/2/08,52,0
5/3/08,50,0
5/4/08,54,0
5/5/08,56,0
5/6/08,52,0
5/7/08,50,0
5/8/08,50,0
5/9/08,50,0
5/10/08,54,0
5/11/08,48,0.03
5/12/08,50,0.03
5/13/08,52,0.21
5/14/08,60,0
5/15/08,61,0
5/16/08,64,0
5/17/08,72,0
5/18/08,64,0
5/19/08,65,0.01
5/20/08,54,0.26
5/21/08,52,0.12
5/22/08,52,0.01
5/23/08,56,0.02
5/24/08,64,0
5/25/08,60,0
5/26/08,60,0
5/27/08,61,0
5/28/08,58,0
5/29/08,54,0
5/30/08,56,0
5/31/08,55,0.05
6/1/08,54,0
6/2/08,56,0.02
6/3/08,55,0.62
6/4/08,52,0.05
6/5/08,52,0.13
6/6/08,52,0.53
6/7/08,52,0
6/8/08,52,0
6/9/08,50,0.14
6/10/08,52,0.02
6/11/08,52,0
6/12/08,56,0
6/13/08,54,0
6/14/08,56,0
6/15/08,60,0
6/16/08,61,0
6/17/08,55,0
6/18/08,56,0
6/19/08,60,0
6/20/08,67,0
6/21/08,67,0
6/22/08,60,0
6/23/08,58,0
6/24/08,60,0
6/25/08,63,0
6/26/08,58,0
6/27/08,65,0
6/28/08,72,0
6/29/08,76,0
6/30/08,72,0
7/1/08,65,0
7/2/08,68,0
7/3/08,64,0.23
7/4/08,66,0
7/5/08,66,0
7/6/08,62,0
7/7/08,65,0
7/8/08,68,0
7/9/08,71,0
7/10/08,64,0
7/11/08,65,0
7/12/08,70,0
7/13/08,72,0
7/14/08,70,0
7/15/08,70,0
7/16/08,66,0
7/17/08,62,0
7/18/08,60,0
7/19/08,62,0
7/20/08,65,0
7/21/08,65,0
7/22/08,60,0
7/23/08,59,0
7/24/08,63,0
7/25/08,65,0
7/26/08,64,0
7/27/08,65,0
7/28/08,66,0
7/29/08,60,0.04
7/30/08,60,0
7/31/08,60,0
8/1/08,63,0
8/2/08,62,0
8/3/08,62,0
8/4/08,66,0
8/5/08,72,0
8/6/08,74,0
8/7/08,68,0
8/8/08,63,0
8/9/08,64,0
8/10/08,63,0
8/11/08,68,0
8/12/08,68,0
8/13/08,70,0
8/14/08,74,0
8/15/08,76,0
8/16/08,75,0
8/17/08,74,0
8/18/08,62,0.02
8/19/08,66,0.37
8/20/08,62,0.5
8/21/08,63,0.5
8/22/08,64,0
8/23/08,68,0
8/24/08,64,0.68
8/25/08,60,0.11
8/26/08,60,0.01
8/27/08,62,0
8/28/08,63,0
8/29/08,66,0
8/30/08,59,0
8/31/08,58,0
9/1/08,56,0
9/2/08,58,0
9/3/08,60,0
9/4/08,62,0
9/5/08,64,0
9/6/08,64,0
9/7/08,67,0
9/8/08,67,0
9/9/08,65,0
9/10/08,62,0
9/11/08,64,0
9/12/08,63,0
9/13/08,62,0
9/14/08,63,0
9/15/08,66,0
9/16/08,66,0
9/17/08,64,0
9/18/08,58,0
9/19/08,58,0
9/20/08,57,0.39
9/21/08,58,0.01
9/22/08,57,0.01
9/23/08,52,0
9/24/08,56,0.09
9/25/08,57,0.06
9/26/08,60,0
9/27/08,58,0
9/28/08,58,0
9/29/08,62,0
9/30/08,61,0
10/1/08,64,0
10/2/08,63,0.04
10/3/08,58,0.48
10/4/08,58,0.13
10/5/08,57,0.01
10/6/08,56,0.42
10/7/08,56,0
10/8/08,50,0
10/9/08,47,0.01
10/10/08,50,0
10/11/08,46,0
10/12/08,50,0
10/13/08,56,0.23
10/14/08,49,0
10/15/08,44,0.11
10/16/08,52,0.02
10/17/08,58,0.02
10/18/08,52,0
10/19/08,46,0
10/20/08,50,0.17
10/21/08,47,0
10/22/08,50,0
10/23/08,50,0.07
10/24/08,45,0
10/25/08,50,0
10/26/08,49,0
10/27/08,52,0
10/28/08,50,0
10/29/08,54,0
10/30/08,50,0
10/31/08,54,0.33
11/1/08,54,0.23
11/2/08,52,0.32
11/3/08,51,0.37
11/4/08,46,0.61
11/5/08,44,0
11/6/08,52,1.53
11/7/08,58,0.49
11/8/08,58,0.2
11/9/08,54,0.08
11/10/08,52,0
11/11/08,50,0.42
11/12/08,56,0.52
11/13/08,48,0.03
11/14/08,47,0
11/15/08,50,0
11/16/08,48,0
11/17/08,51,0.01
11/18/08,48,0.02
11/19/08,50,0
11/20/08,47,0.2
11/21/08,46,0.13
11/22/08,45,0
11/23/08,40,0
11/24/08,42,0
11/25/08,42,0.05
11/26/08,42,0
11/27/08,41,0.01
11/28/08,48,0.04
11/29/08,54,0
11/30/08,52,0.04
12/1/08,52,0.1
12/2/08,48,0
12/3/08,44,0
12/4/08,44,0
12/5/08,42,0
12/6/08,44,0
12/7/08,47,0.02
12/8/08,43,0.06
12/9/08,44,0.1
12/10/08,47,0.01
12/11/08,42,0
12/12/08,40,0.6
12/13/08,36,0.34
12/14/08,26,0.01
12/15/08,26,0
12/16/08,24,0
12/17/08,34,0
12/18/08,30,0.16
12/19/08,24,0
12/20/08,22,0.13
12/21/08,29,0.09
12/22/08,30,0.01
12/23/08,32,0
12/25/08,34,0.24
12/26/08,34,0.11
12/27/08,40,0.11
12/28/08,40,0.42
12/29/08,40,0.21
12/30/08,39,0.1
12/31/08,40,0.04
1/1/09,42,0.53
1/2/09,36,0.09
1/3/09,37,0
1/4/09,34,0
1/5/09,40,0
1/6/09,48,0.53
1/7/09,52,1.45
1/8/09,45,0.08
1/9/09,40,0
1/10/09,43,0.11
1/11/09,46,0.02
1/12/09,48,0.03
1/13/09,45,0
1/14/09,42,0
1/15/09,38,0
1/16/09,36,0
1/17/09,37,0
1/18/09,38,0
1/19/09,38,0
1/20/09,35,0
1/21/09,37,0
1/22/09,35,0
1/23/09,36,0
1/24/09,36,0.04
1/25/09,34,0.02
1/26/09,32,0
1/27/09,36,0.03
1/28/09,42,0
1/29/09,44,0
1/30/09,42,0.15
1/31/09,40,0
2/1/09,38,0
2/2/09,46,0
2/3/09,42,0
2/4/09,46,0
2/5/09,42,0
2/6/09,43,0.05
2/7/09,38,0
2/8/09,40,0.04
2/9/09,38,0.25
2/10/09,36,0.27
2/11/09,37,0.27
2/12/09,38,0
2/13/09,39,0
2/14/09,40,0
2/15/09,40,0.02
2/16/09,41,0
2/17/09,44,0
2/18/09,42,0
2/19/09,44,0
2/20/09,40,0
2/21/09,43,0
2/22/09,48,0.14
2/23/09,49,0.22
2/24/09,46,0.33
2/25/09,40,0.34
2/26/09,34,0.08
2/27/09,40,0
2/28/09,42,0
3/1/09,48,0.36
3/2/09,52,0.14
3/3/09,49,0.31
3/4/09,44,0.01
3/5/09,41,0.13
3/6/09,37,0
3/7/09,38,0.21
3/8/09,36,0.15
3/9/09,36,0.04
3/10/09,34,0
3/11/09,36,0
3/12/09,40,0
3/13/09,42,0
3/14/09,42,0.5
3/15/09,40,0.44
3/16/09,40,0.23
3/17/09,42,0.16
3/18/09,46,0
3/19/09,48,0.04
3/20/09,48,0.13
3/21/09,42,0
3/22/09,44,0.01
3/23/09,41,0.03
3/24/09,44,0
3/25/09,42,0
3/26/09,42,0
3/27/09,47,0
3/28/09,40,0
3/29/09,42,0.03
3/30/09,44,0
3/31/09,44,0.06
4/1/09,40,0.31
4/2/09,42,0.9
4/3/09,44,0.15
4/4/09,44,0
4/5/09,54,0
4/6/09,56,0
4/7/09,54,0
4/8/09,48,0
4/9/09,50,0.02
4/10/09,49,0.02
4/11/09,49,0.03
4/12/09,49,0.68
4/13/09,42,0.15
4/14/09,45,0
4/15/09,45,0
4/16/09,48,0
4/17/09,54,0.21
4/18/09,47,0
4/19/09,55,0
4/20/09,58,0
4/21/09,60,0
4/22/09,47,0
4/23/09,46,0.05
4/24/09,48,0
4/25/09,48,0
4/26/09,48,0
4/27/09,54,0
4/28/09,50,0.06
4/29/09,52,0.03
4/30/09,52,0
5/1/09,60,0
5/2/09,58,0.4
5/3/09,53,0.2
5/4/09,53,0.35
5/5/09,50,0.35
5/6/09,50,0.65
5/7/09,51,0.05
5/8/09,50,0.06
5/9/09,53,0
5/10/09,54,0
5/11/09,54,0.06
5/12/09,48,0.06
5/13/09,47,0.49
5/14/09,50,0.19
5/15/09,54,0
5/16/09,60,0
5/17/09,62,0
5/18/09,56,0.39
5/19/09,52,0.43
5/20/09,53,0
5/21/09,54,0
5/22/09,58,0
5/23/09,58,0
5/24/09,58,0
5/25/09,58,0
5/26/09,58,0
5/27/09,57,0
5/28/09,62,0
5/29/09,69,0
5/30/09,64,0
5/31/09,64,0
6/1/09,66,0
6/2/09,73,0
6/3/09,74,0
6/4/09,74,0
6/5/09,62,0
6/6/09,59,0.01
6/7/09,62,0
6/8/09,63,0
6/9/09,66,0
6/10/09,67,0
6/11/09,66,0
6/12/09,67,0
6/13/09,65,0
6/14/09,60,0
6/15/09,65,0
6/16/09,65,0
6/17/09,65,0
6/18/09,66,0
6/19/09,62,0.17
6/20/09,60,0
6/21/09,59,0
6/22/09,60,0.02
6/23/09,62,0
6/24/09,66,0
6/25/09,62,0
6/26/09,62,0
6/27/09,66,0
6/28/09,63,0
6/29/09,63,0
6/30/09,63,0
7/1/09,65,0
7/2/09,70,0
7/3/09,73,0
7/4/09,73,0
7/5/09,72,0
7/6/09,62,0
7/7/09,62,0
7/8/09,60,0
7/9/09,65,0
7/10/09,70,0
7/11/09,72,0
7/12/09,62,0
7/13/09,62,0.04
7/14/09,64,0
7/15/09,66,0
7/16/09,72,0
7/17/09,77,0
7/18/09,71,0
7/19/09,67,0
7/20/09,70,0
7/21/09,75,0
7/22/09,66,0
7/23/09,63,0
7/24/09,67,0
7/25/09,74,0
7/26/09,76,0
7/27/09,78,0
7/28/09,83,0
7/29/09,88,0
7/30/09,84,0
7/31/09,71,0
8/1/09,75,0
8/2/09,76,0
8/3/09,70,0
8/4/09,65,0
8/5/09,62,0
8/6/09,64,0
8/7/09,62,0
8/8/09,62,0
8/9/09,68,0
8/10/09,65,0.02
8/11/09,66,0.32
8/12/09,68,0.04
8/13/09,60,0.23
8/14/09,64,0.01
8/15/09,61,0
8/16/09,65,0
8/17/09,70,0
8/18/09,71,0
8/19/09,75,0
8/20/09,72,0
8/21/09,65,0
8/22/09,66,0
8/23/09,65,0
8/24/09,64,0
8/25/09,64,0.01
8/26/09,64,0
8/27/09,71,0
8/28/09,69,0
8/29/09,66,0
8/30/09,66,0
9/8/09,60,0.01
9/9/09,65,0
9/10/09,66,0
9/11/09,70,0
9/12/09,70,0
9/13/09,68,0
9/14/09,66,0
9/15/09,69,0
9/16/09,66,0.01
9/17/09,65,0.01
9/18/09,68,0
9/19/09,60,0.41
9/20/09,59,0
9/21/09,62,0
9/22/09,70,0
9/23/09,68,0
9/24/09,60,0
9/25/09,60,0
9/26/09,60,0
9/27/09,58,0
9/28/09,55,0.01
9/29/09,54,0.29
9/30/09,52,0
10/1/09,57,0.06
10/2/09,54,0.44
10/3/09,52,0
10/4/09,58,0
10/5/09,53,0
10/6/09,54,0
10/7/09,54,0
10/8/09,52,0
10/9/09,55,0
10/10/09,51,0
10/11/09,46,0
10/12/09,45,0
10/13/09,54,0.18
10/14/09,56,0.56
10/15/09,56,0.07
10/16/09,58,0.07
10/17/09,62,0.07
10/18/09,58,0.08
10/19/09,54,0
10/20/09,50,0.01
10/21/09,58,0.15
10/22/09,54,0.02
10/23/09,55,0.3
10/24/09,50,0
10/25/09,44,0.05
10/26/09,50,0.97
10/27/09,45,0.01
10/28/09,44,0.06
10/29/09,49,0.26
10/30/09,58,0.02
10/31/09,54,0.28
11/1/09,48,0.06
11/2/09,48,0.01
11/3/09,48,0
11/4/09,50,0
11/5/09,52,0.07
11/6/09,48,0.13
11/7/09,44,1.01
11/8/09,47,0.59
11/9/09,49,0.26
11/10/09,48,0.35
11/12/09,44,0
11/13/09,42,0.33
11/14/09,39,0
11/15/09,48,0.17
11/16/09,54,0.91
11/17/09,46,0.52
11/18/09,44,0.19
11/19/09,52,0.66
11/20/09,51,0.34
11/21/09,44,0.43
11/22/09,46,0.61
11/23/09,48,0.61
11/24/09,50,0.06
11/25/09,50,0.26
11/27/09,42,0
11/28/09,45,0
11/29/09,51,0
11/30/09,49,0
12/1/09,44,0
12/2/09,40,0
12/3/09,36,0
12/4/09,33,0
12/5/09,34,0
12/6/09,32,0
12/7/09,27,0
12/8/09,26,0
12/9/09,26,0
12/10/09,26,0
12/11/09,28,0
12/12/09,30,0
12/14/09,40,0.43
12/15/09,42,0.43
12/16/09,48,0.46
12/17/09,47,0.01
12/18/09,50,0.03
12/19/09,47,0.28
12/20/09,52,0.14
12/21/09,47,0.45
12/22/09,40,0.11
12/23/09,40,0
12/26/09,42,0
12/27/09,37,0
12/28/09,42,0
12/29/09,35,0.03
12/30/09,42,0
12/31/09,42,0.26
1/1/10,50,0.39
1/2/10,46,0.05
1/3/10,44,0.02
1/4/10,46,0.02
1/5/10,47,0.09
1/6/10,46,0
1/7/10,44,0.03
1/8/10,44,0.91
1/9/10,50,0.07
1/10/10,50,0.1
1/11/10,50,1.03
1/12/10,50,0.63
1/13/10,50,0.39
1/14/10,48,0.31
1/15/10,48,0.52
1/16/10,41,0.02
1/17/10,48,0.12
1/18/10,55,0
1/19/10,56,0.02
1/20/10,50,0.02
1/21/10,51,0
1/22/10,44,0
1/23/10,42,0.01
1/24/10,40,0.35
1/25/10,48,0.12
1/26/10,42,0
1/27/10,44,0
1/28/10,48,0
1/29/10,49,0.02
1/30/10,46,0.2
1/31/10,48,0.06
2/1/10,44,0.06
2/2/10,47,0.02
2/3/10,46,0.27
2/4/10,48,0.08
2/5/10,54,0.08
2/6/10,48,0.24
2/7/10,48,0.09
2/8/10,47,0
2/9/10,42,0
2/10/10,39,0.08
2/11/10,50,0.23
2/12/10,50,0.43
2/13/10,48,0.43
2/14/10,50,0.66
2/16/10,49,0.19
2/17/10,46,0
2/18/10,51,0
2/19/10,50,0
2/20/10,44,0
2/21/10,45,0
2/22/10,44,0
2/23/10,42,0.14
2/24/10,48,0.11
2/25/10,50,0.06
2/26/10,50,0.49
2/27/10,50,0.49
2/28/10,50,0
3/1/10,52,0.06
3/2/10,52,0.06
3/3/10,50,0.06
3/4/10,48,0
3/5/10,48,0
3/6/10,48,0
3/7/10,45,0.05
3/8/10,40,0.04
3/9/10,39,0
3/10/10,45,0.03
3/11/10,44,0.49
3/12/10,46,0.57
3/13/10,46,0.01
3/14/10,44,0
3/15/10,54,0.01
3/16/10,52,0.06
3/17/10,49,0.06
3/18/10,43,0.06
3/19/10,50,0
3/20/10,54,0
3/21/10,52,0.03
3/22/10,52,0
3/23/10,50,0
3/24/10,58,0
3/25/10,52,0
3/26/10,50,0
3/27/10,54,0
3/28/10,52,0.65
3/29/10,47,0.83
3/30/10,45,0.08
3/31/10,46,0.01
4/1/10,46,0.08
4/2/10,46,0.68
4/3/10,44,0.17
4/4/10,46,0.08
4/5/10,47,0.14
4/6/10,48,0
4/7/10,49,0.11
4/8/10,46,0.11
4/9/10,45,0.07
4/10/10,47,0
4/11/10,53,0
4/12/10,54,0
4/13/10,52,0.08
4/14/10,50,0
4/15/10,54,0
4/16/10,57,0.01
4/17/10,57,0.18
4/18/10,58,0.18
4/19/10,62,0
4/20/10,54,0.01
4/21/10,48,0.65
4/22/10,50,0
4/23/10,52,0.11
4/24/10,50,0.01
4/25/10,51,0
4/26/10,57,0.29
4/27/10,52,0.29
4/28/10,50,0.26
4/29/10,52,0.26
4/30/10,52,0.03
5/1/10,52,0
5/2/10,50,0.08
5/3/10,50,0.09
5/4/10,47,0.44
5/5/10,46,0.2
5/6/10,52,0
5/7/10,56,0
5/8/10,52,0
5/9/10,57,0
5/10/10,52,0.16
5/11/10,54,0.01
5/12/10,56,0
5/13/10,58,0
5/14/10,62,0
5/15/10,62,0
5/16/10,63,0
5/17/10,63,0.01
5/18/10,58,0.18
5/19/10,60,0.28
5/20/10,50,0.28
5/21/10,50,0.04
5/22/10,53,0.09
5/23/10,52,0.18
5/24/10,54,0
5/25/10,58,0.07
5/26/10,55,0.28
5/27/10,54,0.04
5/28/10,53,0.3
5/29/10,52,0.04
5/30/10,50,0.08
6/1/10,57,0.07
6/2/10,58,0.21
6/3/10,55,0.01
6/4/10,56,0.29
6/5/10,60,0.04
6/6/10,60,0.26
6/7/10,60,0.06
6/8/10,61,0.23
6/9/10,58,0.22
6/10/10,60,0.08
6/11/10,60,0.08
6/12/10,62,0
6/13/10,64,0
6/14/10,58,0
6/15/10,56,0.17
6/16/10,56,0.22
6/17/10,58,0
6/18/10,62,0
6/19/10,58,0.03
6/20/10,56,0.17
6/21/10,58,0.17
6/22/10,62,0
6/23/10,68,0
6/24/10,66,0
6/25/10,62,0
6/26/10,62,0
6/27/10,63,0
6/28/10,64,0
6/29/10,60,0
6/30/10,58,0
7/1/10,58,0
7/2/10,60,0.17
7/3/10,61,0
7/4/10,60,0.07
7/5/10,60,0.07
7/6/10,66,0
7/7/10,75,0
7/8/10,78,0
7/9/10,78,0
7/10/10,73,0
7/11/10,66,0
7/12/10,62,0
7/13/10,62,0
7/14/10,68,0
7/15/10,70,0
7/16/10,62,0
7/17/10,62,0
7/18/10,60,0
7/19/10,62,0
7/20/10,64,0
7/21/10,67,0
7/22/10,62,0
7/23/10,66,0
7/24/10,70,0
7/25/10,72,0
7/26/10,72,0
7/27/10,68,0
7/28/10,65,0
7/29/10,64,0
7/30/10,66,0
7/31/10,62,0
8/1/10,64,0
8/2/10,65,0
8/3/10,67,0
8/4/10,70,0
8/5/10,75,0.04
8/6/10,62,0
8/7/10,62,0.16
8/8/10,64,0.01
8/9/10,63,0
8/10/10,64,0
8/11/10,68,0
8/12/10,65,0
8/13/10,73,0
8/14/10,78,0
8/15/10,80,0
8/16/10,75,0
8/17/10,75,0
8/18/10,65,0
8/19/10,64,0
8/20/10,62,0
8/21/10,63,0.01
8/22/10,63,0
8/23/10,64,0
8/24/10,68,0
8/25/10,71,0
8/26/10,62,0
8/27/10,62,0
8/28/10,62,0
8/29/10,59,0
9/7/10,62,0.01
9/8/10,60,0.25
9/9/10,60,0.02
9/10/10,60,0
9/11/10,62,0
9/12/10,64,0
9/13/10,64,0
9/14/10,64,0
9/15/10,64,0.21
9/16/10,63,0.44
9/17/10,62,0.7
9/18/10,67,0.7
9/19/10,65,0.63
9/20/10,62,0.63
9/21/10,58,0
9/22/10,60,0
9/23/10,57,0.2
9/24/10,62,0.03
9/25/10,64,0.03
9/26/10,64,0.27
9/27/10,70,0.04
9/28/10,64,0.01
9/29/10,58,0
9/30/10,62,0
10/1/10,60,0
10/2/10,62,0
10/3/10,58,0
10/4/10,56,0
10/5/10,54,0
10/6/10,58,0.01
10/7/10,58,0
10/8/10,62,0.08
10/9/10,60,1.01
10/10/10,59,0.92
10/11/10,54,0
10/12/10,54,0
10/13/10,57,0.01
10/14/10,54,0.13
10/15/10,52,0
10/16/10,50,0
10/17/10,48,0
10/18/10,50,0
10/19/10,52,0
10/20/10,54,0.01
10/21/10,53,0.01
10/22/10,56,0.13
10/23/10,56,0.45
10/24/10,50,0.68
10/25/10,50,0.41
10/26/10,47,0.17
10/27/10,55,0
10/28/10,56,0.09
10/29/10,52,0.03
10/30/10,44,0.41
10/31/10,52,0.06
11/1/10,54,0.06
11/2/10,57,0
11/3/10,58,0
11/4/10,57,0
11/5/10,54,0
11/6/10,52,0.69
11/7/10,52,0.03
11/8/10,47,0
11/9/10,44,0.19
11/10/10,46,0
11/12/10,46,0
11/13/10,47,0
11/14/10,51,0.34
11/15/10,54,0.34
11/16/10,50,0
11/17/10,47,0.12
11/18/10,44,0.14
11/19/10,44,0.08
11/20/10,40,0.01
11/21/10,36,0
11/22/10,29,0.07
11/23/10,22,0.07
11/24/10,22,0.07
11/26/10,42,0.39
11/27/10,38,0.01
11/28/10,39,0.05
11/29/10,40,0.09
11/30/10,44,0.69
12/1/10,45,0
12/2/10,42,0.01
12/3/10,44,0
12/4/10,42,0
12/5/10,42,0
12/6/10,42,0
12/7/10,50,0
12/8/10,50,0.74
12/9/10,48,0.99
12/10/10,47,0
12/11/10,44,1.37
12/12/10,54,2.24
12/13/10,52,0.34
12/14/10,44,0.57
12/15/10,44,0.09
12/16/10,44,0.02
12/17/10,45,0
12/18/10,41,0.13
12/19/10,42,0.14
12/20/10,40,0.07
12/21/10,46,0.04
12/22/10,46,0.02
12/23/10,44,0.43
12/26/10,42,0.24
12/27/10,42,0.24
12/28/10,46,0
12/29/10,38,0
12/30/10,34,0
12/31/10,29,0
1/2/11,34,0
1/3/11,34,0
1/4/11,34,0.03
1/5/11,42,0.11
1/6/11,48,0.28
1/7/11,46,0.52
1/8/11,38,0.01
1/9/11,37,0.03
1/10/11,36,0
1/11/11,36,0.12
1/12/11,42,0.74
1/13/11,50,0.66
1/14/11,53,0.08
1/15/11,44,0.42
1/16/11,55,0.11
1/17/11,48,0
1/18/11,43,0.08
1/19/11,42,0
1/20/11,40,0.05
1/21/11,48,0.68
1/22/11,44,0
1/23/11,46,0.04
1/24/11,48,0.26
1/25/11,26,0
1/26/11,27,0
1/27/11,44,0
1/28/11,46,0.07
1/29/11,46,0.26
1/30/11,41,0
1/31/11,40,0
2/1/11,38,0
2/2/11,38,0
2/3/11,44,0.02
2/4/11,48,0.06
2/5/11,45,0.09
2/6/11,46,0.11
2/7/11,44,0.06
2/8/11,42,0.01
2/9/11,36,0.01
2/10/11,37,0
2/11/11,42,0
2/12/11,46,0.45
2/13/11,46,0.28
2/14/11,44,0.84
2/15/11,42,0.15
2/16/11,40,0.04
2/17/11,40,0.04
2/18/11,38,0
2/19/11,38,0
2/20/11,35,0
2/21/11,39,0.06
2/22/11,38,0.2
2/23/11,34,0.08
2/24/11,32,0.01
2/25/11,28,0
2/26/11,26,0
2/27/11,38,0.51
2/28/11,38,0.51
3/1/11,38,0.22
3/2/11,42,0.14
3/3/11,41,0.35
3/4/11,40,0.12
3/5/11,44,0
3/6/11,42,0
3/7/11,42,0
3/8/11,46,0.1
3/9/11,48,1.47
3/10/11,48,0.41
3/11/11,46,0
3/12/11,46,0.47
3/13/11,48,0.65
3/14/11,50,0.3
3/15/11,50,0.43
3/16/11,44,0.22
3/17/11,44,0
3/18/11,44,0.18
3/19/11,44,0
3/20/11,44,0.01
3/21/11,47,0.01
3/22/11,43,0
3/23/11,50,0
3/24/11,52,0.04
3/25/11,47,0.11
3/26/11,44,0.08
3/27/11,46,0.19
3/28/11,46,0.11
3/29/11,47,0.13
3/30/11,51,0.09
3/31/11,52,0.09
4/1/11,45,0.85
4/2/11,46,0.25
4/3/11,44,0.07
4/4/11,45,0.12
4/5/11,44,0.15
4/6/11,42,0.15
4/7/11,41,0.09
4/8/11,44,0.09
4/9/11,48,0
4/10/11,50,0.09
4/11/11,47,0.04
4/12/11,45,0
4/13/11,44,0.07
4/14/11,42,0.39
4/15/11,46,0.02
4/16/11,48,0.15
4/17/11,44,0
4/18/11,45,0.02
4/19/11,45,0
4/20/11,46,0
4/21/11,46,0.04
4/22/11,47,0
4/23/11,54,0
4/24/11,50,0.05
4/25/11,48,0.45
4/26/11,48,0.03
4/27/11,45,0.44
4/28/11,45,0.04
4/29/11,47,0.04
4/30/11,50,0.17
5/1/11,50,0
5/2/11,50,0.22
5/3/11,51,0
5/4/11,52,0
5/5/11,52,0.04
5/6/11,50,0.12
5/7/11,52,0.04
5/8/11,52,0.17
5/9/11,54,0
5/10/11,54,0
5/11/11,49,0
5/12/11,50,0
5/13/11,52,0
5/14/11,57,0.52
5/15/11,51,0.69
5/16/11,52,0
5/17/11,50,0
5/18/11,56,0
5/19/11,54,0
5/20/11,58,0
5/21/11,52,0.1
5/22/11,54,0
5/23/11,55,0
5/24/11,56,0
5/25/11,54,0.24
5/26/11,52,0.04
5/27/11,54,0.09
5/28/11,54,0
5/29/11,56,0
5/31/11,56,0.06
6/1/11,54,0.24
6/2/11,56,0.25
6/3/11,59,0
6/4/11,63,0
6/5/11,64,0
6/6/11,62,0
6/7/11,56,0.1
6/8/11,57,0
6/9/11,59,0
6/10/11,59,0
6/11/11,59,0
6/12/11,58,0
6/13/11,60,0.03
6/14/11,58,0
6/15/11,54,0.11
6/16/11,55,0.11
6/17/11,60,0
6/18/11,55,0.3
6/19/11,58,0.03
6/20/11,62,0
6/21/11,66,0
6/22/11,60,0
6/23/11,57,0.01
6/24/11,58,0.12
6/25/11,58,0
6/26/11,60,0
6/27/11,64,0
6/28/11,66,0
6/29/11,60,0
6/30/11,60,0
7/1/11,60,0
7/2/11,66,0
7/3/11,63,0
7/5/11,66,0
7/6/11,70,0
7/7/11,60,0
7/8/11,60,0
7/9/11,62,0
7/10/11,64,0
7/11/11,65,0
7/12/11,64,0.09
7/13/11,63,0.01
7/14/11,60,0
7/15/11,64,0.04
7/16/11,65,0.33
7/17/11,60,0.06
7/18/11,62,0
7/19/11,62,0
7/20/11,64,0
7/21/11,64,0
7/22/11,62,0
7/23/11,65,0
7/24/11,70,0
7/25/11,62,0.27
7/26/11,64,0
7/27/11,65,0
7/28/11,66,0
7/29/11,68,0
7/30/11,68,0
7/31/11,66,0
8/1/11,64,0
8/2/11,66,0
8/3/11,68,0
8/4/11,70,0
8/5/11,62,0
8/6/11,66,0
8/7/11,68,0
8/8/11,62,0
8/9/11,62,0
8/10/11,62,0
8/11/11,64,0
8/12/11,65,0
8/13/11,62,0
8/14/11,64,0
8/15/11,66,0
8/16/11,64,0
8/17/11,65,0
8/18/11,64,0
8/19/11,65,0
8/20/11,70,0
8/21/11,72,0
8/22/11,66,0.08
8/23/11,69,0
8/24/11,70,0
8/25/11,72,0
8/26/11,72,0
8/27/11,70,0
8/28/11,68,0
9/1/11,62,0
9/6/11,68,0
9/7/11,66,0
9/8/11,70,0
9/9/11,70,0
9/10/11,68,0
9/11/11,71,0
9/12/11,63,0
9/13/11,62,0
9/14/11,63,0
9/15/11,60,0
9/16/11,59,0
9/17/11,58,0.21
9/18/11,60,0.13
9/19/11,62,0.06
9/20/11,62,0
9/21/11,68,0
9/22/11,68,0
9/23/11,72,0
9/24/11,68,0
9/25/11,60,0.22
9/26/11,58,0.32
9/27/11,60,0.04
9/28/11,56,0.01
9/29/11,60,0
9/30/11,58,0.02
10/1/11,56,0
10/2/11,58,0.14
10/3/11,58,0.14
10/4/11,56,0.02
10/5/11,53,0.1
10/6/11,54,0.19
10/7/11,56,0.05
10/8/11,55,0.01
10/9/11,56,0.06
10/10/11,56,0.18
10/11/11,56,0.57
10/12/11,54,0.01
10/13/11,52,0
10/14/11,52,0.01
10/15/11,50,0
10/16/11,48,0
10/17/11,50,0
10/18/11,54,0
10/19/11,54,0
10/20/11,54,0
10/21/11,54,0.03
10/22/11,58,0.28
10/23/11,54,0
10/24/11,50,0.02
10/25/11,46,0
10/26/11,44,0.01
10/27/11,48,0
10/28/11,48,0.38
10/29/11,50,0
10/30/11,51,0.14
10/31/11,48,0
11/1/11,44,0
11/2/11,42,0.42
11/3/11,46,0
11/4/11,40,0.06
11/5/11,42,0
11/6/11,38,0
11/7/11,44,0.01
11/8/11,48,0
11/9/11,54,0
11/10/11,48,0
11/12/11,42,0.15
11/13/11,46,0.09
11/14/11,42,0
11/15/11,38,0
11/16/11,42,0.38
11/17/11,42,0.1
11/18/11,36,0.01
11/19/11,36,0
11/20/11,34,0
11/21/11,42,0.42
11/22/11,46,1.58
11/23/11,48,1
11/25/11,42,0
11/26/11,46,0.03
11/27/11,50,0.33
11/28/11,42,0
11/29/11,40,0.05
11/30/11,44,0
12/1/11,38,0
12/2/11,37,0
12/3/11,34,0
12/4/11,36,0
12/5/11,34,0
12/6/11,34,0
12/7/11,39,0
12/8/11,38,0
12/9/11,34,0
12/10/11,34,0
12/11/11,40,0.05
12/12/11,34,0
12/13/11,36,0
12/14/11,38,0.01
12/15/11,40,0.03
12/16/11,42,0
12/17/11,40,0
12/18/11,44,0.08
12/19/11,42,0
12/20/11,42,0
12/21/11,39,0
12/22/11,30,0
12/23/11,42,0.01
12/26/11,41,0.03
12/27/11,44,0.03
12/28/11,52,0.47
12/29/11,47,0.47
12/30/11,41,0.02
12/31/11,38,0.02
1/2/12,44,0.48
1/3/12,48,0.03
1/4/12,48,0.65
1/5/12,42,0.08
1/6/12,39,0.08
1/7/12,42,0
1/8/12,44,0
1/9/12,46,0.17
1/10/12,40,0.17
1/11/12,38,0
1/12/12,36,0
1/13/12,34,0
1/14/12,38,0.13
1/15/12,30,0.23
1/17/12,35,0.09
1/18/12,30,0.44
1/20/12,34,0.39
1/21/12,42,0.06
1/22/12,38,0.29
1/23/12,40,0
1/24/12,44,0.24
1/25/12,45,0.4
1/26/12,40,0.31
1/27/12,36,0
1/28/12,39,0
1/29/12,44,0.67
1/30/12,47,0.11
1/31/12,47,0.11
2/1/12,42,0.45
2/2/12,42,0
2/3/12,46,0
2/4/12,46,0
2/5/12,44,0
2/6/12,46,0
2/7/12,50,0
2/8/12,46,0.1
2/9/12,48,0.11
2/10/12,50,0.09
2/11/12,46,0
2/12/12,45,0.04
2/13/12,44,0.44
2/14/12,40,0.04
2/15/12,40,0
2/16/12,42,0
2/17/12,47,0
2/18/12,42,0.18
2/19/12,41,0
2/21/12,48,0
2/22/12,46,0.22
2/23/12,42,0
2/24/12,44,0.49
2/25/12,41,0.01
2/26/12,38,0
2/27/12,36,0
2/28/12,38,0.18
2/29/12,38,0.08
3/1/12,40,0
3/2/12,42,0.04
3/3/12,50,0
3/4/12,48,0
3/5/12,40,0.36
3/6/12,38,0.05
3/7/12,36,0
3/8/12,48,0
3/9/12,45,0.17
3/10/12,45,0.46
3/11/12,42,0.31
3/12/12,42,0.66
3/13/12,37,0.23
3/14/12,39,0.44
3/15/12,47,1.07
3/16/12,44,0.19
3/17/12,40,0.19
3/18/12,38,0.08
3/19/12,36,0.03
3/20/12,42,0.12
3/21/12,42,0
3/22/12,42,0.16
3/23/12,44,0
3/24/12,48,0
3/25/12,46,0
3/26/12,49,0
3/27/12,52,0.21
3/28/12,48,0.15
3/29/12,46,1.15
3/30/12,45,0.08
3/31/12,44,0
4/1/12,45,0
4/2/12,52,0
4/3/12,48,0
4/4/12,44,0
4/5/12,42,0
4/6/12,45,0
4/7/12,48,0
4/8/12,56,0
4/9/12,57,0
4/10/12,57,0
4/11/12,50,0.08
4/12/12,48,0.08
4/13/12,49,0
4/14/12,50,0
4/15/12,54,0
4/16/12,50,0.24
4/17/12,46,0.07
4/18/12,50,0.09
4/19/12,50,0.28
4/20/12,50,0.28
4/21/12,54,0
4/22/12,61,0
4/23/12,60,0
4/24/12,54,0.03
4/25/12,56,0.41
4/26/12,52,0.16
4/27/12,50,0.01
4/28/12,54,0
4/29/12,56,0
4/30/12,50,0.26
5/1/12,49,0.05
5/2/12,50,0
5/3/12,48,0.78
5/4/12,62,0.32
5/5/12,48,0
5/6/12,52,0
5/7/12,60,0
5/8/12,56,0
5/9/12,50,0.01
5/10/12,48,0
5/11/12,53,0
5/12/12,60,0
5/13/12,62,0
5/14/12,66,0
5/15/12,62,0
5/16/12,59,0
5/17/12,54,0.47
5/18/12,52,0
5/19/12,56,0
5/20/12,56,0.16
5/21/12,57,0.41
5/22/12,52,0.12
5/23/12,54,0.02
5/24/12,54,0.01
5/25/12,59,0.05
5/26/12,60,0
5/27/12,58,0
5/29/12,55,0
5/30/12,59,0.02
5/31/12,60,0.15
6/1/12,62,0.1
6/2/12,60,0.02
6/3/12,56,0
6/4/12,52,0.03
6/5/12,52,0.49
6/6/12,52,0
6/7/12,54,0.54
6/8/12,54,0.05
6/9/12,56,0.02
6/10/12,58,0
6/11/12,62,0
6/12/12,62,0
6/13/12,56,0
6/14/12,56,0
6/15/12,60,0
6/16/12,66,0
6/17/12,60,0
6/18/12,56,0.21
6/19/12,58,0.03
6/20/12,62,0
6/21/12,64,0
6/22/12,56,0.31
6/23/12,57,0.6
6/24/12,58,0.01
6/25/12,58,0
6/26/12,58,0.01
6/27/12,59,0
6/28/12,62,0
6/29/12,66,0
6/30/12,64,0
7/1/12,62,0
7/2/12,60,0
7/3/12,58,0
7/5/12,62,0
7/6/12,66,0
7/7/12,66,0
7/8/12,69,0
7/9/12,66,0
7/10/12,63,0
7/11/12,69,0
7/12/12,69,0
7/13/12,65,0
7/14/12,68,0
7/15/12,62,0
7/16/12,66,0
7/17/12,66,0
7/18/12,64,0
7/19/12,67,0
7/20/12,64,0
7/21/12,67,0
7/22/12,62,0
7/23/12,60,0
7/24/12,64,0
7/25/12,67,0
7/26/12,69,0
7/27/12,62,0
7/28/12,64,0
7/29/12,66,0
7/30/12,62,0
7/31/12,65,0
8/1/12,65,0
8/2/12,64,0
8/3/12,66,0
8/4/12,75,0
8/5/12,78,0
8/6/12,72,0
8/7/12,65,0
8/8/12,66,0
8/9/12,66,0
8/10/12,66,0
8/11/12,70,0
8/12/12,71,0
8/13/12,72,0
8/14/12,70,0
8/15/12,74,0
8/16/12,78,0
8/17/12,76,0
8/18/12,66,0
8/19/12,66,0
8/20/12,69,0
8/21/12,65,0
8/22/12,65,0
8/23/12,62,0
8/24/12,60,0
8/25/12,64,0
8/26/12,62,0
9/4/12,63,0
9/5/12,65,0
9/6/12,69,0
9/7/12,72,0
9/8/12,68,0
9/9/12,62,0
9/10/12,58,0.02
9/11/12,58,0
9/12/12,60,0
9/13/12,65,0
9/14/12,64,0
9/15/12,62,0
9/16/12,62,0
9/17/12,66,0
9/18/12,68,0
9/19/12,62,0
9/20/12,60,0
9/21/12,60,0
9/22/12,60,0.02
9/23/12,57,0
9/24/12,59,0
9/25/12,60,0
9/26/12,58,0
9/28/12,64,0
9/29/12,60,0
9/30/12,57,0
10/1/12,60,0
10/2/12,58,0
10/3/12,55,0
10/4/12,56,0
10/5/12,58,0
10/6/12,58,0
10/7/12,58,0
10/8/12,56,0
10/9/12,54,0
10/10/12,52,0
10/11/12,52,0
10/12/12,52,0.09
10/13/12,58,0.09
10/14/12,60,0.52
10/15/12,58,0.22
10/16/12,56,0
10/17/12,50,0
10/18/12,55,0.64
10/19/12,54,0.1
10/20/12,47,0.18
10/21/12,46,0.14
10/22/12,42,0.26
10/23/12,47,0
10/24/12,48,0.19
10/25/12,48,0
10/26/12,48,0.06
10/27/12,52,0.75
10/28/12,55,0.26
10/29/12,56,0.57
10/30/12,57,1.2
10/31/12,56,0.64
11/1/12,56,0.34
11/2/12,56,0.19
11/3/12,56,0.02
11/4/12,60,0.17
11/5/12,52,0.05
11/6/12,50,0.01
11/7/12,48,0
11/8/12,43,0
11/9/12,40,0
11/10/12,38,0
11/12/12,49,0.13
11/13/12,49,0.19
11/14/12,48,0
11/15/12,42,0
11/16/12,40,0.25
11/17/12,48,0.25
11/18/12,47,0.63
11/19/12,52,2.49
11/20/12,47,0.22
11/21/12,44,0.52
11/23/12,47,0.95
11/24/12,44,0
11/25/12,42,0
11/26/12,42,0
11/27/12,41,0
11/28/12,42,0.12
11/29/12,50,0.11
11/30/12,52,1.51
12/1/12,52,0.28
12/2/12,46,1
12/3/12,47,0.41
12/4/12,50,0.46
12/5/12,45,0.02
12/6/12,44,0.07
12/7/12,42,0.07
12/8/12,40,0.07
12/9/12,41,0.06
12/10/12,44,0
12/11/12,44,0.1
12/12/12,43,0.28
12/13/12,42,0.08
12/14/12,40,0.08
12/15/12,36,0.24
12/16/12,47,0.92
12/17/12,42,0.11
12/18/12,36,0.05
12/19/12,40,0.99
12/20/12,38,0.64
12/21/12,38,0.07
12/22/12,44,0.12
12/23/12,42,0.39
12/26/12,42,0.25
12/27/12,44,0.27
12/28/12,44,0.27
12/29/12,41,0.06
12/30/12,38,0
12/31/12,36,0
1/2/13,37,0
1/3/13,36,0.18
1/4/13,45,0.07
1/5/13,44,0.1
1/6/13,42,0.03
1/7/13,46,0.02
1/8/13,48,0.53
1/9/13,44,1.15
1/10/13,34,0
1/11/13,32,0
1/12/13,32,0
1/13/13,30,0
1/14/13,34,0
1/15/13,40,0
1/16/13,36,0
1/17/13,32,0
1/18/13,36,0
1/19/13,35,0
1/20/13,37,0
1/21/13,34,0
1/22/13,34,0
1/23/13,41,0.21
1/24/13,42,0.16
1/25/13,48,0.09
1/26/13,44,0.16
1/27/13,42,0.01
1/28/13,42,0.21
1/29/13,46,0.21
1/30/13,48,0.06
1/31/13,49,0.08
2/1/13,48,0
2/2/13,42,0
2/3/13,44,0
2/4/13,48,0
2/5/13,48,0.18
2/6/13,48,0.08
2/7/13,46,0.09
2/8/13,42,0
2/9/13,44,0.01
2/10/13,42,0.01
2/11/13,44,0.01
2/12/13,49,0
2/13/13,48,0
2/14/13,48,0.03
2/15/13,48,0
2/16/13,46,0
2/17/13,44,0
2/19/13,45,0
2/20/13,41,0.07
2/21/13,44,0.07
2/22/13,44,0.34
2/23/13,45,0
2/24/13,45,0
2/25/13,46,0.14
2/26/13,44,0.01
2/27/13,46,0.32
2/28/13,49,0.25
3/1/13,56,0.04
3/2/13,50,0.21
3/3/13,42,0
3/4/13,45,0
3/5/13,46,0
3/6/13,44,0.61
3/7/13,48,0.26
3/8/13,45,0
3/9/13,44,0
3/10/13,44,0
3/11/13,48,0.03
3/12/13,54,0.01
3/13/13,53,0.15
3/14/13,52,0.05
3/15/13,54,0
3/16/13,46,0.04
3/17/13,44,0
3/18/13,48,0
3/19/13,46,0.37
3/20/13,47,0.72
3/21/13,42,0.1
3/22/13,42,0.01
3/23/13,42,0
3/24/13,44,0
3/25/13,49,0
3/26/13,54,0
3/27/13,52,0.01
3/28/13,54,0.06
3/29/13,55,0.01
3/30/13,56,0
3/31/13,56,0
4/1/13,55,0
4/2/13,54,0
4/3/13,55,0
4/4/13,56,0.41
4/5/13,54,0.44
4/6/13,50,0.44
4/7/13,44,0.96
4/8/13,50,0.04
4/9/13,49,0
4/10/13,54,0.15
4/11/13,50,0.09
4/12/13,44,0.18
4/13/13,45,0.31
4/14/13,46,0.06
4/15/13,48,0.06
4/16/13,47,0.06
4/17/13,49,0
4/18/13,49,0.18
4/19/13,52,0.67
4/20/13,52,0.01
4/21/13,50,0.01
4/22/13,51,0
4/23/13,50,0
4/24/13,54,0
4/25/13,60,0
4/26/13,58,0
4/27/13,55,0
4/28/13,54,0.08
4/29/13,50,0.15
4/30/13,48,0
5/1/13,51,0
5/2/13,57,0
5/3/13,61,0
5/4/13,66,0
5/5/13,70,0
5/6/13,70,0
5/7/13,62,0
5/8/13,60,0
5/9/13,62,0
5/10/13,66,0
5/11/13,68,0
5/12/13,66,0.08
5/13/13,59,0.11
5/14/13,55,0
5/15/13,56,0.03
5/16/13,62,0
5/17/13,60,0.02
5/18/13,58,0
5/19/13,60,0
5/20/13,60,0
5/21/13,54,0.39
5/22/13,50,0.21
5/23/13,52,0.08
5/24/13,56,0.02
5/25/13,58,0
5/26/13,58,0.08
5/28/13,58,0.01
5/29/13,57,0.17
5/30/13,56,0
5/31/13,60,0
6/1/13,64,0
6/2/13,62,0
6/3/13,63,0
6/4/13,66,0
6/5/13,68,0
6/6/13,68,0
6/7/13,62,0
6/8/13,62,0
6/9/13,62,0
6/10/13,62,0
6/11/13,60,0
6/12/13,62,0
6/13/13,62,0
6/14/13,60,0
6/15/13,64,0
6/16/13,66,0
6/17/13,68,0
6/18/13,65,0
6/19/13,60,0
6/20/13,60,0
6/21/13,62,0.01
6/22/13,66,0
6/23/13,67,0
6/24/13,64,0.01
6/25/13,66,0.01
6/26/13,66,0.56
6/27/13,68,0.13
6/28/13,74,0
6/29/13,76,0
6/30/13,78,0
7/1/13,80,0
7/2/13,72,0
7/3/13,70,0
7/5/13,67,0
7/6/13,68,0
7/7/13,68,0
7/8/13,68,0
7/9/13,72,0
7/10/13,66,0
7/11/13,64,0
7/12/13,62,0
7/13/13,65,0
7/14/13,70,0
7/15/13,70,0
7/16/13,75,0
7/17/13,68,0
7/18/13,69,0
7/19/13,70,0
7/20/13,67,0
7/21/13,67,0
7/22/13,68,0
7/23/13,70,0
7/24/13,72,0
7/25/13,72,0
7/26/13,74,0
7/27/13,68,0
7/28/13,62,0
7/29/13,67,0
7/30/13,68,0
7/31/13,64,0
8/1/13,63,0
8/2/13,62,0
8/3/13,68,0
8/4/13,70,0
8/5/13,73,0
8/6/13,74,0
8/7/13,74,0
8/8/13,71,0
8/9/13,72,0
8/10/13,68,0
8/11/13,68,0
8/12/13,70,0
8/13/13,71,0
8/14/13,72,0
8/15/13,69,0
8/16/13,74,0
8/17/13,71,0
8/18/13,70,0
8/19/13,72,0
8/20/13,68,0
8/21/13,69,0
8/22/13,72,0
8/23/13,68,0
8/24/13,69,0
8/25/13,67,0
8/26/13,70,0
8/27/13,72,0
8/28/13,71,0
8/29/13,72,0.38
8/30/13,71,0
8/31/13,69,0
9/1/13,72,0
9/3/13,70,0.12
9/4/13,67,0
9/5/13,65,0.46
9/6/13,68,1.08
9/7/13,68,0
9/8/13,70,0
9/9/13,68,0
9/10/13,68,0
9/11/13,76,0
9/12/13,70,0
9/13/13,64,0
9/14/13,66,0
9/15/13,64,0.21
9/16/13,66,0
9/17/13,62,0
9/18/13,64,0
9/19/13,66,0
9/20/13,64,0.15
9/21/13,64,0.01
9/22/13,60,0.37
9/23/13,59,0.08
9/24/13,58,0.01
9/25/13,56,0.04
9/26/13,54,0.01
9/27/13,56,0.05
9/28/13,59,1.21
9/29/13,56,0.62
9/30/13,55,0.63
10/1/13,54,0.08
10/2/13,53,0.19
10/3/13,52,0.02
10/4/13,53,0.02
10/5/13,56,0
10/6/13,58,0
10/7/13,58,0.1
10/8/13,52,0.39
10/9/13,49,0
10/10/13,53,0.03
10/11/13,54,0.53
10/12/13,52,0.06
10/13/13,52,0
10/14/13,50,0.01
10/15/13,52,0
10/16/13,50,0
10/17/13,52,0.01
10/18/13,50,0
10/19/13,48,0
10/20/13,50,0
10/21/13,50,0
10/22/13,51,0
10/23/13,52,0.01
10/24/13,48,0.01
10/25/13,49,0
10/26/13,49,0.01
10/27/13,52,0.06
10/28/13,52,0
10/29/13,46,0
10/30/13,48,0
10/31/13,53,0.01
11/1/13,58,0.01
11/2/13,52,0.38
11/3/13,46,0.02
11/4/13,44,0.01
11/5/13,50,0.05
11/6/13,50,0.09
11/7/13,52,0.94
11/8/13,50,0
11/9/13,46,0.09
11/10/13,50,0
11/12/13,54,0.14
11/13/13,54,0
11/14/13,48,0
11/15/13,48,0.08
11/16/13,44,0
11/17/13,49,0.05
11/18/13,51,0.8
11/19/13,49,0.11
11/20/13,42,0.11
11/21/13,40,0
11/22/13,40,0
11/23/13,40,0.08
11/24/13,40,0
11/25/13,44,0
11/26/13,44,0
11/27/13,47,0
11/29/13,44,0.01
11/30/13,49,0.06
12/1/13,52,0.03
12/2/13,42,0.11
12/3/13,36,0.01
12/4/13,32,0
12/5/13,30,0
12/6/13,31,0
12/7/13,25,0
12/8/13,26,0
12/9/13,28,0
12/10/13,37,0
12/11/13,35,0
12/12/13,38,0.22
12/13/13,46,0.22
12/14/13,47,0
12/15/13,50,0.03
12/16/13,46,0
12/17/13,44,0
12/18/13,42,0.04
12/19/13,36,0
12/20/13,39,0.1
12/21/13,45,0.1
12/22/13,49,0.21
12/23/13,50,0.01
12/26/13,39,0
12/27/13,40,0.03
12/28/13,42,0
12/29/13,42,0
12/30/13,42,0.02
12/31/13,44,0.01
1/1/14,44,0.01
1/2/14,48,0.53
1/3/14,44,0.03
1/4/14,40,0
1/5/14,38,0
1/6/14,37,0
1/7/14,44,0.34
1/8/14,48,0.44
1/9/14,46,0.09
1/10/14,49,0.15
1/11/14,52,0.91
1/12/14,48,0.02
1/13/14,52,0.01
1/14/14,50,0
1/15/14,48,0
1/16/14,44,0
1/17/14,42,0
1/18/14,40,0
1/19/14,40,0
1/20/14,42,0
1/21/14,41,0
1/22/14,48,0
1/23/14,46,0
1/24/14,42,0
1/25/14,44,0
1/26/14,40,0
1/27/14,40,0
1/28/14,48,0.35
1/29/14,50,0.77
1/30/14,46,0.77
1/31/14,44,0.03
2/1/14,42,0.03
2/2/14,40,0
2/3/14,38,0
2/4/14,32,0
2/5/14,26,0
2/6/14,26,0
2/7/14,31,0
2/8/14,38,0.09
2/9/14,36,0.01
2/10/14,44,0.54
2/11/14,49,0.75
2/12/14,50,0.14
2/13/14,50,0
2/14/14,48,0.41
2/15/14,44,0.51
2/16/14,44,0.51
2/18/14,46,0.44
2/19/14,44,0.02
2/20/14,47,0.03
2/21/14,42,0.23
2/22/14,40,0.09
2/23/14,42,0.18
2/24/14,42,0.39
2/25/14,46,0
2/26/14,49,0
2/27/14,50,0
2/28/14,50,0
3/1/14,44,0.7
3/2/14,44,0.7
3/3/14,52,0.37
3/4/14,50,0.41
3/5/14,55,1.44
3/6/14,54,0.21
3/7/14,54,0
3/8/14,50,1.12
3/9/14,55,0.26
3/10/14,50,0.44
3/11/14,50,0
3/12/14,49,0
3/13/14,50,0
3/14/14,54,0.11
3/15/14,53,0.2
3/16/14,49,1.09
3/17/14,46,0.01
3/18/14,46,0.01
3/19/14,48,0
3/20/14,44,0
3/21/14,46,0
3/22/14,44,0
3/23/14,50,0
3/24/14,56,0
3/25/14,54,0.22
3/26/14,48,0.06
3/27/14,50,0.03
3/28/14,50,0.51
3/29/14,50,0.63
3/30/14,50,0.02
3/31/14,48,0
4/1/14,52,0
4/2/14,52,0
4/3/14,51,0.11
4/4/14,51,0
4/5/14,52,0.08
4/6/14,55,0
4/7/14,62,0
4/8/14,56,0.37
4/9/14,51,0.01
4/10/14,52,0
4/11/14,54,0
4/12/14,54,0
4/13/14,58,0
4/14/14,56,0
4/15/14,54,0.01
4/16/14,52,0.41
4/17/14,52,0.7
4/18/14,52,0.7
4/19/14,50,0.36
4/20/14,52,0
4/21/14,56,0.14
4/22/14,50,0.53
4/23/14,50,0.22
4/24/14,54,0.3
4/25/14,52,0.05
4/26/14,52,0.05
4/27/14,50,0.05
4/28/14,52,0
4/29/14,64,0
4/30/14,68,0
5/1/14,71,0
5/2/14,63,0
5/3/14,56,0
5/4/14,56,0.26
5/5/14,56,0.26
5/6/14,57,0
5/7/14,56,0
5/8/14,54,0.32
5/9/14,52,0.07
5/10/14,54,0
5/11/14,57,0.01
5/12/14,65,0
5/13/14,70,0
5/14/14,70,0
5/15/14,72,0
5/16/14,62,0
5/17/14,62,0
5/18/14,60,0.04
5/19/14,62,0
5/20/14,64,0
5/21/14,62,0
5/22/14,66,0
5/23/14,64,0.16
5/24/14,60,0
5/25/14,58,0.27
5/27/14,61,0.01
5/28/14,60,0.03
5/29/14,60,0
5/30/14,60,0
5/31/14,63,0
6/1/14,64,0
6/2/14,65,0
6/3/14,60,0
6/4/14,60,0
6/5/14,64,0
6/6/14,65,0
6/7/14,66,0
6/8/14,66,0
6/9/14,62,0
6/10/14,60,0
6/11/14,65,0
6/12/14,64,0
6/13/14,59,0.03
6/14/14,60,0.03
6/15/14,58,0.01
6/16/14,58,0.11
6/17/14,58,0.11
6/18/14,62,0
6/19/14,66,0
6/20/14,62,0
6/21/14,62,0
6/22/14,66,0
6/23/14,70,0
6/24/14,68,0
6/25/14,70,0
6/26/14,68,0
6/27/14,66,0
6/28/14,65,0
6/29/14,64,0
6/30/14,66,0
7/1/14,76,0
7/2/14,73,0
7/3/14,66,0
7/5/14,68,0
7/6/14,74,0
7/7/14,74,0
7/8/14,74,0
7/9/14,72,0
7/10/14,70,0
7/11/14,74,0
7/12/14,77,0
7/13/14,74,0
7/14/14,74,0
7/15/14,74,0
7/16/14,75,0
7/17/14,70,0
7/18/14,66,0
7/19/14,71,0
7/20/14,63,0
7/21/14,68,0
7/22/14,66,0
7/23/14,63,0
7/24/14,63,0
7/25/14,65,0
7/26/14,70,0
7/27/14,72,0
7/28/14,74,0
7/29/14,74,0
7/30/14,74,0
7/31/14,75,0
8/1/14,73,0
8/2/14,73,0
8/3/14,74,0
8/4/14,77,0
8/5/14,70,0
8/6/14,72,0
8/7/14,70,0
8/8/14,70,0
8/9/14,72,0
8/10/14,72,0
8/11/14,80,0
8/12/14,75,0
8/13/14,68,0
8/14/14,67,0
8/15/14,70,0
8/16/14,71,0
8/17/14,71,0
8/18/14,74,0
8/19/14,74,0
8/20/14,66,0
8/21/14,64,0
8/22/14,68,0
8/23/14,72,0
8/24/14,68,0
8/25/14,71,0
8/26/14,76,0
8/27/14,76,0
8/28/14,68,0
8/29/14,66,0
8/30/14,65,0
8/31/14,66,0
9/2/14,64,0
9/3/14,64,0
9/4/14,64,0
9/5/14,72,0
9/6/14,74,0
9/7/14,72,0
9/8/14,66,0
9/9/14,66,0
9/10/14,64,0
9/11/14,66,0
9/12/14,65,0
9/13/14,68,0
9/14/14,67,0
9/15/14,70,0
9/16/14,68,0
9/17/14,68,0
9/18/14,66,0
9/19/14,70,0
9/20/14,66,0
9/21/14,70,0
9/22/14,68,0
9/23/14,65,0
9/24/14,65,0.66
9/25/14,66,0.27
9/26/14,64,0.09
9/27/14,63,0
9/28/14,62,0
9/29/14,58,0
9/30/14,62,0
10/1/14,62,0
10/2/14,61,0
10/3/14,61,0
10/4/14,64,0
10/5/14,64,0
10/6/14,68,0
10/7/14,62,0
10/8/14,62,0
10/9/14,60,0
10/10/14,58,0
10/11/14,60,0
10/12/14,60,0
10/13/14,62,0
10/14/14,59,0.11
10/15/14,58,0.45
10/16/14,61,0
10/17/14,60,0.14
10/18/14,64,0.31
10/19/14,64,0
10/20/14,60,0.44
10/21/14,58,0.1
10/22/14,58,1.43
10/23/14,55,0.35
10/24/14,56,0.13
10/25/14,58,0.37
10/26/14,52,0.05
10/27/14,54,0.01
10/28/14,56,0.01
10/29/14,59,0.04
10/30/14,58,0.67
10/31/14,54,0.77
11/1/14,52,0
11/2/14,51,0.11
11/3/14,58,0.24
11/4/14,58,0.05
11/5/14,57,0.27
11/6/14,60,0.22
11/7/14,52,0
11/8/14,48,0
11/9/14,52,0.29
11/10/14,48,0
11/11/14,42,0
11/12/14,39,0
11/13/14,40,0
11/14/14,38,0
11/15/14,38,0
11/16/14,39,0
11/17/14,41,0
11/18/14,39,0
11/19/14,44,0
11/20/14,49,0.11
11/21/14,52,0.67
11/22/14,48,0.03
11/23/14,50,0.42
11/24/14,47,0.01
11/25/14,56,0.33
11/26/14,59,0.01
12/14/14,47,0
12/15/14,48,0
12/16/14,48,0
12/17/14,48,0.16
12/18/14,48,0.6
12/19/14,50,0.13
12/20/14,52,0.6
12/21/14,55,0
12/22/14,48,0
12/23/14,48,0.61
12/26/14,42,0
12/27/14,47,0.12
12/28/14,44,0.06
12/29/14,42,0
12/30/14,34,0
12/31/14,34,0
1/2/15,38,0.03
1/3/15,38,0
1/4/15,48,0.22
1/5/15,56,0.22
1/6/15,50,0.01
1/7/15,47,0
1/8/15,44,0
1/9/15,44,0.01
1/10/15,46,0.18
1/11/15,48,0.06
1/12/15,49,0
1/13/15,44,0
1/14/15,42,0
1/15/15,41,0.43
1/16/15,50,0
1/17/15,46,0.76
1/18/15,54,0.23
1/20/15,46,0
1/21/15,40,0
1/22/15,48,0.03