Date,TotalCheckouts,Average
2006-01-01,2,0.11
2006-01-02,14575,0.23
2006-01-03,17380,0.15
2006-01-04,15407,0.01
2006-01-05,14384,1.22
2006-01-06,18924,0.18
2006-01-07,14307,0.26
2006-01-08,7171,0.06
2006-01-09,17970,1.33
2006-01-10,17239,1.02
2006-01-11,22924,0.19
2006-01-12,16694,0.63
2006-01-13,18350,0.53
2006-01-14,8742,0.42
2006-01-15,14,0
2006-01-18,1843,0.07
2006-01-24,19335,0
2006-01-25,21443,0
2006-01-26,17920,0.17
2006-01-27,21231,0.22
2006-01-28,23769,0.73
2006-01-29,6774,0.73
2006-01-30,19725,0.7
2006-01-31,17496,0.47
2006-02-01,23416,0.39
2006-02-02,17944,0.37
2006-02-03,21454,0.12
2006-02-04,19948,0.7
2006-02-05,5417,0
2006-02-06,16519,0
2006-02-07,18089,0
2006-02-08,22061,0.21
2006-02-09,17057,0
2006-02-10,17620,0
2006-02-11,19699,0
2006-02-12,6167,0
2006-02-13,17265,0
2006-02-14,17104,0
2006-02-15,21628,0
2006-02-16,17707,0
2006-02-17,19790,0
2006-02-18,21644,0
2006-02-19,6964,0
2006-02-20,13,0
2006-02-21,22152,0
2006-02-22,21550,0
2006-02-23,18835,0.18
2006-02-24,19628,0
2006-02-25,14352,0
2006-02-27,14251,0.1
2006-02-28,17877,0.54
2006-03-01,21504,0
2006-03-02,20163,0.05
2006-03-03,19040,0
2006-03-04,20241,0
2006-03-05,8797,0.06
2006-03-06,18990,0.08
2006-03-07,18705,0.05
2006-03-08,21077,0.54
2006-03-09,21249,0.07
2006-03-10,17760,0.1
2006-03-11,22464,0
2006-03-12,7767,0
2006-03-13,15594,0.05
2006-03-14,16795,0.03
2006-03-15,22138,0.05
2006-03-16,20316,0.07
2006-03-17,20381,0.06
2006-03-18,20681,0.17
2006-03-19,8258,0
2006-03-20,18744,0
2006-03-21,19371,0.07
2006-03-22,21248,0.12
2006-03-23,20448,0
2006-03-24,19173,0.29
2006-03-25,19746,0.01
2006-03-26,9480,0
2006-03-27,18335,0
2006-03-28,18784,0.16
2006-03-29,21671,0
2006-03-30,20627,0
2006-03-31,18942,0.07
2006-04-01,20891,0.28
2006-04-02,7729,0
2006-04-03,16980,0.14
2006-04-04,17369,0
2006-04-05,11812,0
2006-04-06,8304,0
2006-04-07,17843,0
2006-04-08,20914,0.33
2006-04-09,9182,0.01
2006-04-10,18059,0
2006-04-11,18297,0
2006-04-12,21689,0.07
2006-04-13,21245,0.33
2006-04-14,19124,0.14
2006-04-15,19150,0.14
2006-04-16,1,0.14
2006-04-17,6913,0.14
2006-04-20,9040,0.03
2006-04-21,19208,0.03
2006-04-22,19491,0
2006-04-23,7543,0
2006-04-24,19401,0
2006-04-25,16545,0
2006-04-26,23338,0
2006-04-27,20329,0
2006-04-28,17175,0
2006-04-29,21092,0.63
2006-04-30,9728,0.63
2006-05-02,14975,0
2006-05-03,21367,0
2006-05-04,19860,0
2006-05-05,17186,0
2006-05-06,21160,0.03
2006-05-07,9194,0.03
2006-05-08,20891,0
2006-05-09,18987,0
2006-05-20,5415,0.01
2006-05-21,8692,0.03
2006-05-22,21412,0.24
2006-05-23,20255,0.19
2006-05-24,23211,0.22
2006-05-25,22156,0.04
2006-05-26,20950,0.17
2006-05-27,21675,0.36
2006-05-28,10069,0.19
2006-05-29,22,0
2006-05-30,21630,0
2006-05-31,21914,0.09
2006-06-01,22465,0.24
2006-06-02,19276,0.06
2006-06-03,20095,0
2006-06-04,9949,0.57
2006-06-05,19530,0
2006-06-06,19269,0
2006-06-07,22353,0
2006-06-08,22462,0.14
2006-06-09,19262,0.49
2006-06-10,20306,0
2006-06-11,8160,0
2006-06-12,20296,0.05
2006-06-13,20664,0.01
2006-06-14,23968,0.05
2006-06-15,22228,0
2006-06-16,20019,0.2
2006-06-17,18247,0
2006-06-18,8165,0
2006-06-19,19314,0
2006-06-20,20336,0
2006-06-21,23769,0
2006-06-22,23749,0
2006-06-23,19531,0
2006-06-24,16843,0
2006-06-25,7690,0
2006-06-26,18893,0
2006-06-27,20997,0
2006-06-28,24720,0
2006-06-29,23397,0
2006-06-30,19085,0
2006-07-01,17747,0
2006-07-02,7698,0
2006-07-03,20106,0
2006-07-04,11,0.02
2006-07-05,28862,0
2006-07-06,25070,0
2006-07-07,20546,0
2006-07-08,18492,0
2006-07-09,8353,0
2006-07-10,22645,0
2006-07-11,21355,0
2006-07-12,27456,0.03
2006-07-13,24253,0.01
2006-07-14,19080,0
2006-07-15,22000,0
2006-07-16,9441,0
2006-07-17,24809,0
2006-07-18,21271,0
2006-07-19,25219,0
2006-07-20,23702,0
2006-07-21,19408,0
2006-07-22,19082,0
2006-07-23,8293,0
2006-07-24,21145,0
2006-07-25,22070,0
2006-07-26,15006,0
2006-07-27,23751,0
2006-07-28,18714,0
2006-07-29,19983,0
2006-07-30,9679,0.02
2006-07-31,21970,0
2006-08-01,20537,0
2006-08-02,25456,0
2006-08-03,22454,0
2006-08-04,19698,0
2006-08-05,18460,0
2006-08-06,8454,0
2006-08-07,21701,0
2006-08-08,20971,0
2006-08-09,24776,0
2006-08-10,23978,0.02
2006-08-11,21256,0
2006-08-12,19375,0
2006-08-13,8150,0
2006-08-14,21390,0
2006-08-15,22004,0
2006-08-16,25558,0
2006-08-17,24125,0
2006-08-18,18851,0
2006-08-19,18376,0
2006-08-20,8321,0
2006-08-21,21220,0
2006-08-22,23403,0
2006-08-23,26462,0
2006-08-24,25330,0
2006-08-25,19419,0
2006-08-26,19221,0
2006-08-27,8375,0
2006-08-28,21640,0
2006-08-29,23491,0
2006-08-30,25210,0.02
2006-08-31,24153,0
2006-09-01,18860,0
2006-09-02,18796,0
2006-09-03,8758,0
2006-09-04,4,0
2006-09-05,24930,0
2006-09-06,23239,0
2006-09-07,22705,0
2006-09-08,1514,0
2006-09-12,11998,0
2006-09-13,26052,0
2006-09-14,23903,0.44
2006-09-15,20736,0.05
2006-09-16,22014,0.01
2006-09-17,10132,0
2006-09-18,21285,0.32
2006-09-19,20166,0.28
2006-09-20,23403,0.35
2006-09-21,23022,0.23
2006-09-22,20134,0
2006-09-23,21850,0
2006-09-24,9674,0
2006-09-25,18918,0
2006-09-26,20506,0.01
2006-09-27,24087,0
2006-09-28,21336,0
2006-09-29,18300,0
2006-09-30,22622,0
2006-10-01,9945,0
2006-10-02,19900,0
2006-10-03,19962,0
2006-10-04,23420,0
2006-10-05,21333,0
2006-10-06,20526,0.02
2006-10-07,13416,0.01
2006-10-08,9700,0
2006-10-09,18873,0
2006-10-10,20483,0
2006-10-11,22841,0
2006-10-12,20655,0
2006-10-13,20402,0
2006-10-14,23644,0.03
2006-10-15,10758,0.38
2006-10-16,20057,0.03
2006-10-17,20509,0
2006-10-18,22844,0.21
2006-10-19,22068,0.21
2006-10-20,20466,0
2006-10-21,21919,0
2006-10-22,10042,0
2006-10-23,19487,0
2006-10-24,19740,0.08
2006-10-25,23720,0
2006-10-26,22484,0
2006-10-27,18965,0
2006-10-28,21833,0
2006-10-29,11536,0.51
2006-10-30,18952,0
2006-10-31,14368,0
2006-11-01,25406,0.01
2006-11-02,25,1.14
2006-11-03,27810,0.36
2006-11-04,26065,1.15
2006-11-05,12370,0.75
2006-11-06,17831,2.13
2006-11-07,19669,0.45
2006-11-08,23171,0.35
2006-11-09,22023,0.22
2006-11-10,18028,0.92
2006-11-11,25,0.19
2006-11-12,16552,1.06
2006-11-13,24384,0.21
2006-11-14,23098,0.02
2006-11-15,22968,0.82
2006-11-16,25166,0
2006-11-17,20886,0
2006-11-18,23938,0
2006-11-19,12093,0.53
2006-11-20,19618,0.84
2006-11-21,21177,0.83
2006-11-22,27429,0.57
2006-11-23,2,0.39
2006-11-24,19632,0
2006-11-25,19637,0.02
2006-11-26,9569,0.75
2006-11-27,18327,0.05
2006-11-28,16327,0
2006-11-29,23910,0.22
2006-11-30,23260,0.08
2006-12-01,19558,0.01
2006-12-02,21871,0
2006-12-03,10808,0
2006-12-04,18170,0
2006-12-05,17317,0
2006-12-06,21767,0
2006-12-07,20702,0
2006-12-08,16227,0.02
2006-12-09,20709,0.18
2006-12-10,9346,0.11
2006-12-11,17300,1.33
2006-12-12,18177,0.44
2006-12-13,20927,0.41
2006-12-14,15314,1.92
2006-12-15,9013,0.06
2006-12-17,10271,0
2006-12-18,15690,0
2006-12-19,18659,0.01
2006-12-20,20798,0.45
2006-12-21,20267,0.36
2006-12-22,19031,0
2006-12-23,18626,0.59
2006-12-24,2,0.85
2006-12-26,14066,1.4
2006-12-27,21684,0.21
2006-12-28,20631,0.21
2006-12-29,18514,0.21
2006-12-30,18910,0
2006-12-31,7674,0
2007-01-01,12,0.21
2007-01-02,16119,1.38
2007-01-03,18495,0.27
2007-01-04,18880,0.07
2007-01-05,13150,1.01
2007-01-06,14932,0.01
2007-01-07,372,0.64
2007-01-08,14246,0
2007-01-09,12008,0.2
2007-01-10,12508,0.2
2007-01-11,13208,0.2
2007-01-12,13899,0
2007-01-13,10961,0
2007-01-14,6806,0
2007-01-15,29,0
2007-01-16,4529,0.06
2007-01-17,10942,0.09
2007-01-18,10345,0.12
2007-01-19,7902,0.11
2007-01-20,4730,0
2007-01-21,1551,0
2007-01-22,5367,0
2007-01-23,3567,0
2007-01-24,2803,0
2007-01-25,1763,0.01
2007-01-26,229,0
2007-02-13,16258,0.01
2007-02-14,19543,0.07
2007-02-15,21783,0.08
2007-02-16,19681,0.04
2007-02-17,21390,0.13
2007-02-18,11979,0
2007-02-19,8,0.48
2007-02-20,23996,0.2
2007-02-21,23015,0.01
2007-02-22,22838,0.07
2007-02-23,20193,0.01
2007-02-24,22928,0.4
2007-02-25,10216,0.2
2007-02-26,18691,0.07
2007-02-27,18991,0.08
2007-02-28,21983,0.01
2007-03-01,22655,0
2007-03-02,19696,0.25
2007-03-03,23416,0.03
2007-03-04,11282,0
2007-03-05,18034,0.05
2007-03-06,18879,0
2007-03-07,24247,0.3
2007-03-08,21343,0.52
2007-03-09,20998,0.03
2007-03-10,27603,0.19
2007-03-11,10301,0.51
2007-03-12,21690,0.09
2007-03-13,20843,0.01
2007-03-14,23824,0.01
2007-03-15,22905,0.01
2007-03-16,20096,0
2007-03-17,23142,0.12
2007-03-18,10642,0.01
2007-03-19,20190,0.38
2007-03-20,20746,0.29
2007-03-21,24229,0
2007-03-22,23203,0.1
2007-03-23,20434,0.06
2007-03-24,24319,0.52
2007-03-25,10847,0.09
2007-03-28,23754,0.4
2007-03-29,20331,0
2007-03-30,18571,0.05
2007-03-31,23333,0.26
2007-04-01,10824,0.04
2007-04-02,19124,0.01
2007-04-03,19050,0
2007-04-04,23379,0
2007-04-05,20095,0
2007-04-06,17447,0
2007-04-07,23474,0.01
2007-04-08,26,0.17
2007-04-09,25620,0.24
2007-04-10,22064,0.01
2007-04-11,24089,0
2007-04-12,23572,0
2007-04-13,21630,0.11
2007-04-14,22481,0
2007-04-15,9700,0
2007-04-16,20439,0.06
2007-04-17,19494,0.05
2007-04-18,23416,0.15
2007-04-19,22267,0
2007-04-20,19315,0
2007-04-21,21454,0.07
2007-04-22,9977,0
2007-04-23,16932,0
2007-04-24,20408,0.07
2007-04-25,24188,0.07
2007-04-26,22058,0
2007-04-27,19458,0.01
2007-04-28,20601,0.01
2007-04-29,10295,0
2007-04-30,19423,0.07
2007-05-01,20625,0.07
2007-05-02,22895,0.43
2007-05-03,22294,0.02
2007-05-04,19331,0.02
2007-05-05,20714,0.02
2007-05-06,10647,0
2007-05-07,18808,0
2007-05-08,15890,0
2007-05-10,14365,0
2007-05-11,18000,0
2007-05-12,20377,0
2007-05-13,9616,0.03
2007-05-14,20024,0
2007-05-15,17959,0
2007-05-16,25121,0
2007-05-17,21887,0
2007-05-18,19376,0
2007-05-19,21112,0.06
2007-05-20,10286,0.56
2007-05-21,20939,0.51
2007-05-22,19943,0.51
2007-05-23,23776,0
2007-05-24,16422,0
2007-05-25,19288,0
2007-05-26,20221,0
2007-05-27,11100,0.06
2007-05-28,3,0
2007-05-29,21863,0
2007-05-30,3599,0
2007-05-31,157,0
2007-06-03,1305,0.03
2007-06-07,15760,0
2007-06-08,18227,0
2007-06-09,22933,0
2007-06-10,10592,0
2007-06-11,20592,0
2007-06-12,20316,0
2007-06-13,24230,0
2007-06-14,22785,0
2007-06-15,19114,0.18
2007-06-16,20229,0.02
2007-06-17,10479,0.06
2007-06-18,22260,0
2007-06-19,20381,0
2007-06-20,22798,0
2007-06-21,22620,0
2007-06-22,19633,0
2007-06-23,20057,0
2007-06-24,11124,0.12
2007-06-25,22639,0
2007-06-26,20899,0
2007-06-27,25624,0
2007-06-28,27422,0.16
2007-06-29,21969,0.1
2007-06-30,19801,0.1
2007-07-01,9674,0
2007-07-02,21605,0
2007-07-03,23390,0
2007-07-04,12,0
2007-07-05,27688,0
2007-07-06,20476,0
2007-07-07,20190,0
2007-07-08,10381,0
2007-07-09,22929,0
2007-07-10,19995,0
2007-07-11,22255,0
2007-07-12,25204,0
2007-07-13,20865,0
2007-07-14,20323,0
2007-07-15,10256,0
2007-07-16,22754,0
2007-07-17,23346,0.05
2007-07-18,26931,0.31
2007-07-19,25416,0.01
2007-07-20,20229,0.4
2007-07-21,20385,0.21
2007-07-22,11467,0.37
2007-07-23,22725,0.02
2007-07-24,21142,0
2007-07-25,21722,0
2007-07-26,23842,0
2007-07-27,19635,0
2007-07-28,18030,0
2007-07-29,10159,0
2007-07-30,21834,0
2007-07-31,19968,0
2007-08-01,22837,0
2007-08-02,22468,0
2007-08-03,20866,0.01
2007-08-04,19089,0
2007-08-05,9165,0
2007-08-06,21713,0.01
2007-08-07,22787,0.01
2007-08-08,25129,0
2007-08-09,23375,0
2007-08-10,19144,0
2007-08-11,18325,0
2007-08-12,10154,0
2007-08-13,20978,0
2007-08-14,20193,0
2007-08-15,22786,0
2007-08-16,24491,0
2007-08-17,20171,0
2007-08-18,18593,0.07
2007-08-19,10679,0.3
2007-08-20,22996,0.34
2007-08-21,22520,0.03
2007-08-22,26157,0
2007-08-23,23031,0
2007-08-24,19448,0
2007-08-25,22399,0.01
2007-08-26,10514,0.3
2007-08-27,22126,0
2007-08-28,20905,0
2007-08-29,23671,0
2007-08-30,23504,0
2007-08-31,14174,0.02
2007-09-01,18070,0
2007-09-02,9392,0
2007-09-03,16,0.03
2007-09-04,27102,0.74
2007-09-05,23888,0
2007-09-06,22472,0
2007-09-07,18638,0
2007-09-08,21668,0
2007-09-09,10238,0
2007-09-10,20708,0
2007-09-11,21570,0
2007-09-12,24510,0
2007-09-13,24424,0
2007-09-14,21324,0
2007-09-15,23685,0
2007-09-16,11704,0.12
2007-09-17,22232,0.12
2007-09-18,21193,0
2007-09-19,25494,0
2007-09-20,21070,0
2007-09-21,18995,0.02
2007-09-22,21817,0
2007-09-23,10951,0
2007-09-24,19872,0
2007-09-25,20393,0.01
2007-09-26,24389,0
2007-09-27,21977,0.17
2007-09-28,19312,0.11
2007-09-29,21781,0.01
2007-09-30,10955,1
2007-10-01,21147,0.13
2007-10-02,20588,0.18
2007-10-03,24367,0.17
2007-10-04,21392,0.05
2007-10-05,17755,0
2007-10-06,22936,0.01
2007-10-07,11107,0.19
2007-10-08,19137,0
2007-10-09,19627,0.01
2007-10-10,26338,0.01
2007-10-11,22589,0
2007-10-12,21560,0.01
2007-10-13,21365,0
2007-10-14,9769,0.01
2007-10-15,17815,0.09
2007-10-16,16500,0.03
2007-10-17,16860,0.22
2007-10-18,13850,0.19
2007-10-19,7945,0.6
2007-10-20,3880,0.18
2007-10-21,1086,0.06
2007-10-28,10571,0
2007-10-29,17962,0
2007-11-01,23043,0
2007-11-02,22421,0
2007-11-03,25334,0
2007-11-04,11896,0
2007-11-05,20072,0
2007-11-06,20628,0
2007-11-07,23876,0.06
2007-11-08,23842,0.02
2007-11-09,21570,0.2
2007-11-10,25260,0.13
2007-11-11,16,0.03
2007-11-12,17335,0.51
2007-11-13,25648,0
2007-11-14,27108,0.11
2007-11-15,16499,0.91
2007-11-16,22540,0.12
2007-11-17,26348,0.4
2007-11-18,12441,0
2007-11-19,22673,0.24
2007-11-20,22690,0.02
2007-11-21,31309,0
2007-11-22,11,0
2007-11-23,20195,0
2007-11-24,20545,0
2007-11-25,11415,0
2007-11-26,16069,0.33
2007-11-27,22428,0
2007-11-28,25381,0.12
2007-11-29,25133,0
2007-11-30,20861,0
2007-12-01,20997,0.34
2007-12-02,8660,1.47
2007-12-03,17318,3.98
2007-12-04,22530,0.2
2007-12-05,25714,0
2007-12-06,22162,0.01
2007-12-07,20564,0
2007-12-08,26015,0
2007-12-09,11092,0
2007-12-10,20934,0.01
2007-12-11,20158,0.02
2007-12-12,24758,0.01
2007-12-13,22210,0.14
2007-12-14,20390,0.02
2007-12-15,22520,0.26
2007-12-16,10351,0.08
2007-12-17,19943,0.11
2007-12-18,18768,0.48
2007-12-19,24853,0.69
2007-12-20,24176,0.08
2007-12-21,22257,0
2007-12-22,21764,0.35
2007-12-23,10505,0.35
2007-12-24,2,0
2007-12-26,24605,0
2007-12-27,21953,0.4
2007-12-28,22642,0.08
2007-12-29,21385,0.09
2007-12-30,11547,0
2007-12-31,18261,0
2008-01-01,11,0
2008-01-02,31556,0.52
2008-01-03,26858,0.52
2008-01-04,23170,0.1
2008-01-05,27648,0.14
2008-01-06,14010,0.18
2008-01-07,22623,0.18
2008-01-08,21987,0.47
2008-01-09,26932,0.29
2008-01-10,25976,0.51
2008-01-11,24139,0.04
2008-01-12,27941,0.04
2008-01-13,14037,0.04
2008-01-14,19096,0.15
2008-01-15,21801,0
2008-01-16,28005,0
2008-01-17,25546,0
2008-01-18,23802,0
2008-01-19,27243,0.12
2008-01-20,14215,0.12
2008-01-21,4,0.12
2008-01-22,23910,0
2008-01-23,26608,0
2008-01-24,25382,0
2008-01-25,22764,0
2008-01-26,26050,0.18
2008-01-27,12959,0
2008-01-28,21941,0.03
2008-01-29,23134,0.12
2008-01-30,27877,0.15
2008-01-31,26779,0.17
2008-02-01,24061,0
2008-02-02,29143,0
2008-02-03,11322,0.01
2008-02-04,20686,0
2008-02-05,20837,0.19
2008-02-06,27964,0.35
2008-02-07,26047,0.01
2008-02-08,21489,0.26
2008-02-09,25845,0.05
2008-02-10,13023,0.17
2008-02-11,21192,0
2008-02-12,21816,0
2008-02-13,25657,0
2008-02-14,22833,0
2008-02-15,23087,0.03
2008-02-16,27036,0
2008-02-17,12729,0
2008-02-18,1,0
2008-02-19,26883,0
2008-02-20,27316,0
2008-02-21,26137,0
2008-02-22,22745,0
2008-02-23,23973,0
2008-02-24,12201,0
2008-02-25,18896,0
2008-02-26,23550,0
2008-02-27,27295,0.04
2008-02-28,27610,0
2008-02-29,22866,0.12
2008-03-01,29390,0.1
2008-03-02,12487,0
2008-03-03,22062,0
2008-03-04,22979,0
2008-03-05,27492,0
2008-03-06,25552,0
2008-03-07,23220,0.03
2008-03-08,27429,0
2008-03-09,12340,0
2008-03-10,22181,0.26
2008-03-11,23868,0.09
2008-03-12,27881,0.09
2008-03-13,25666,0.43
2008-03-14,23776,0.23
2008-03-15,26285,0.23
2008-03-16,12081,0.15
2008-03-17,21825,0
2008-03-18,19796,0
2008-03-19,27318,0.08
2008-03-20,26001,0.14
2008-03-21,23946,0
2008-03-22,24286,0
2008-03-24,25942,0
2008-03-25,25195,0.1
2008-03-26,28071,0.35
2008-03-27,26196,0.01
2008-03-28,22648,0.44
2008-03-29,27803,0.34
2008-03-30,12542,0.05
2008-03-31,23300,0.09
2008-04-01,25300,0
2008-04-02,27761,0
2008-04-03,25428,0
2008-04-04,23765,0.06
2008-04-05,26840,0
2008-04-06,7687,0.08
2008-04-07,9454,0
2008-04-08,9557,0.16
2008-04-09,7267,0
2008-04-10,3087,0
2008-04-11,15614,0
2008-04-12,20114,0
2008-04-13,13062,0.1
2008-04-14,23581,0.24
2008-04-15,24624,0.05
2008-04-16,28235,0
2008-04-17,26408,0.02
2008-04-18,23019,0.04
2008-04-19,26210,0.08
2008-04-20,13278,0.01
2008-04-21,23641,0.01
2008-04-22,23278,0
2008-04-23,29161,0.14
2008-04-24,27608,0
2008-04-25,21317,0
2008-04-26,22070,0
2008-04-27,11612,0.05
2008-04-28,24018,0.05
2008-04-29,23627,0.24
2008-04-30,27607,0.24
2008-05-01,23957,0.03
2008-05-02,21943,0
2008-05-03,25513,0
2008-05-04,10530,0
2008-05-05,20808,0
2008-05-06,23465,0
2008-05-07,28808,0
2008-05-08,25997,0
2008-05-09,21185,0
2008-05-10,24746,0
2008-05-11,11254,0.03
2008-05-12,23238,0.03
2008-05-13,25154,0.21
2008-05-14,29034,0
2008-05-15,23584,0
2008-05-16,18520,0
2008-05-17,19273,0
2008-05-18,10273,0
2008-05-19,24060,0.01
2008-05-20,25120,0.26
2008-05-21,29176,0.12
2008-05-22,26302,0.01
2008-05-23,24379,0.02
2008-05-24,20046,0
2008-05-25,10543,0
2008-05-26,10,0
2008-05-27,26944,0
2008-05-28,27719,0
2008-05-29,25525,0
2008-05-30,20888,0
2008-05-31,26390,0.05
2008-06-01,12655,0
2008-06-02,24629,0.02
2008-06-03,25468,0.62
2008-06-04,30268,0.05
2008-06-05,29000,0.13
2008-06-06,23571,0.53
2008-06-07,27085,0
2008-06-08,12272,0
2008-06-09,25037,0.14
2008-06-10,27155,0.02
2008-06-11,29609,0
2008-06-12,26478,0
2008-06-13,22458,0
2008-06-14,24797,0
2008-06-15,10474,0
2008-06-16,24682,0
2008-06-17,27943,0
2008-06-18,33986,0
2008-06-19,29448,0
2008-06-20,22668,0
2008-06-21,22799,0
2008-06-22,13173,0
2008-06-23,28569,0
2008-06-24,25051,0
2008-06-25,29024,0
2008-06-26,28688,0
2008-06-27,22891,0
2008-06-28,21241,0
2008-06-29,10242,0
2008-06-30,25699,0
2008-07-01,27672,0
2008-07-02,31890,0
2008-07-03,34204,0.23
2008-07-04,8,0
2008-07-05,26192,0
2008-07-06,12126,0
2008-07-07,27924,0
2008-07-08,26614,0
2008-07-09,30348,0
2008-07-10,28958,0
2008-07-11,22490,0
2008-07-12,24123,0
2008-07-13,11657,0
2008-07-14,29690,0
2008-07-15,28561,0
2008-07-16,33112,0
2008-07-17,31409,0
2008-07-18,23887,0
2008-07-19,23341,0
2008-07-20,11738,0
2008-07-21,29010,0
2008-07-22,28870,0
2008-07-23,31060,0
2008-07-24,28414,0
2008-07-25,23256,0
2008-07-26,23647,0
2008-07-27,13436,0
2008-07-28,27206,0
2008-07-29,29057,0.04
2008-07-30,31962,0
2008-07-31,27736,0
2008-08-01,24550,0
2008-08-02,24441,0
2008-08-03,10590,0
2008-08-04,27663,0
2008-08-05,24916,0
2008-08-06,30738,0
2008-08-07,29617,0
2008-08-08,24139,0
2008-08-09,25336,0
2008-08-10,11960,0
2008-08-11,27539,0
2008-08-12,25780,0
2008-08-13,29143,0
2008-08-14,26604,0
2008-08-15,22314,0
2008-08-16,22033,0
2008-08-17,11425,0
2008-08-18,29876,0.02
2008-08-19,27849,0.37
2008-08-20,29786,0.5
2008-08-21,29062,0.5
2008-08-22,23070,0
2008-08-23,22282,0
2008-08-24,12944,0.68
2008-08-25,27822,0.11
2008-08-26,27504,0.01
2008-08-27,31806,0
2008-08-28,28545,0
2008-08-29,24407,0
2008-08-30,25093,0
2008-08-31,12012,0
2008-09-01,11,0
2008-09-02,32273,0
2008-09-03,29349,0
2008-09-04,26572,0
2008-09-05,22594,0
2008-09-06,24439,0
2008-09-07,12870,0
2008-09-08,25966,0
2008-09-09,27660,0
2008-09-10,30889,0
2008-09-11,28414,0
2008-09-12,22847,0
2008-09-13,26708,0
2008-09-14,12424,0
2008-09-15,26313,0
2008-09-16,26546,0
2008-09-17,29335,0
2008-09-18,27586,0
2008-09-19,24204,0
2008-09-20,29046,0.39
2008-09-21,13974,0.01
2008-09-22,26340,0.01
2008-09-23,26444,0
2008-09-24,28756,0.09
2008-09-25,28100,0.06
2008-09-26,22774,0
2008-09-27,27198,0
2008-09-28,13036,0
2008-09-29,24447,0
2008-09-30,24778,0
2008-10-01,28344,0
2008-10-02,24944,0.04
2008-10-03,23257,0.48
2008-10-04,30208,0.13
2008-10-05,13671,0.01
2008-10-06,22811,0.42
2008-10-07,24452,0
2008-10-08,29864,0
2008-10-09,25813,0.01
2008-10-10,25800,0
2008-10-11,27773,0
2008-10-12,12567,0
2008-10-13,23955,0.23
2008-10-14,27341,0
2008-10-15,27330,0.11
2008-10-16,26249,0.02
2008-10-17,23069,0.02
2008-10-18,28398,0
2008-10-19,13344,0
2008-10-20,25485,0.17
2008-10-21,25673,0
2008-10-22,28273,0
2008-10-23,25995,0.07
2008-10-24,23478,0
2008-10-25,26923,0
2008-10-26,12248,0
2008-10-27,24606,0
2008-10-28,24710,0
2008-10-29,28086,0
2008-10-30,24159,0
2008-10-31,19421,0.33
2008-11-01,30079,0.23
2008-11-02,14918,0.32
2008-11-03,26076,0.37
2008-11-04,21601,0.61
2008-11-05,30458,0
2008-11-06,26614,1.53
2008-11-07,27150,0.49
2008-11-08,31238,0.2
2008-11-09,15387,0.08
2008-11-10,27438,0
2008-11-11,11,0.42
2008-11-12,30590,0.52
2008-11-13,26384,0.03
2008-11-14,18868,0
2008-11-15,13419,0
2008-11-16,8020,0
2008-11-17,10975,0.01
2008-11-18,8853,0.02
2008-11-19,7661,0
2008-11-20,5742,0.2
2008-11-21,25637,0.13
2008-11-22,31518,0
2008-11-23,14464,0
2008-11-24,26644,0
2008-11-25,26667,0.05
2008-11-26,37092,0
2008-11-27,8,0.01
2008-11-28,25043,0.04
2008-11-29,24998,0
2008-11-30,7455,0.04
2008-12-01,27194,0.1
2008-12-02,27624,0
2008-12-03,30960,0
2008-12-04,26976,0
2008-12-05,23078,0
2008-12-06,28063,0
2008-12-07,13437,0.02
2008-12-08,26662,0.06
2008-12-09,24605,0.1
2008-12-10,30142,0.01
2008-12-11,26716,0
2008-12-12,23734,0.6
2008-12-13,28769,0.34
2008-12-14,9634,0.01
2008-12-15,23095,0
2008-12-16,28631,0
2008-12-17,34859,0
2008-12-18,10323,0.16
2008-12-19,19598,0
2008-12-20,18531,0.13
2008-12-21,2981,0.09
2008-12-22,14085,0.01
2008-12-23,17363,0
2008-12-25,1,0.24
2008-12-26,22607,0.11
2008-12-27,29230,0.11
2008-12-28,14544,0.42
2008-12-29,32244,0.21
2008-12-30,29742,0.1
2008-12-31,29044,0.04
2009-01-01,2,0.53
2009-01-02,36372,0.09
2009-01-03,28590,0
2009-01-04,13996,0
2009-01-05,31392,0
2009-01-06,28145,0.53
2009-01-07,30347,1.45
2009-01-08,29602,0.08
2009-01-09,26633,0
2009-01-10,33715,0.11
2009-01-11,16332,0.02
2009-01-12,28546,0.03
2009-01-13,28011,0
2009-01-14,32129,0
2009-01-15,29183,0
2009-01-16,26266,0
2009-01-17,32410,0
2009-01-18,14480,0
2009-01-19,40,0
2009-01-20,29751,0
2009-01-21,33184,0
2009-01-22,30725,0
2009-01-23,26510,0
2009-01-24,31587,0.04
2009-01-25,15407,0.02
2009-01-26,27648,0
2009-01-27,25349,0.03
2009-01-28,31542,0
2009-01-29,29099,0
2009-01-30,25644,0.15
2009-01-31,32016,0
2009-02-01,13076,0
2009-02-02,25716,0
2009-02-03,26569,0
2009-02-04,31194,0
2009-02-05,26527,0
2009-02-06,24960,0.05
2009-02-07,31814,0
2009-02-08,15076,0.04
2009-02-09,26029,0.25
2009-02-10,25661,0.27
2009-02-11,32583,0.27
2009-02-12,28074,0
2009-02-13,26014,0
2009-02-14,30771,0
2009-02-15,15383,0.02
2009-02-16,7,0
2009-02-17,35812,0
2009-02-18,34322,0
2009-02-19,30404,0
2009-02-20,26477,0
2009-02-21,29781,0
2009-02-22,15209,0.14
2009-02-23,27172,0.22
2009-02-24,26128,0.33
2009-02-25,32437,0.34
2009-02-26,30227,0.08
2009-02-27,26960,0
2009-02-28,32458,0
2009-03-01,15562,0.36
2009-03-02,26844,0.14
2009-03-03,26257,0.31
2009-03-04,32278,0.01
2009-03-05,28304,0.13
2009-03-06,25486,0
2009-03-07,31675,0.21
2009-03-08,14561,0.15
2009-03-09,27395,0.04
2009-03-10,27898,0
2009-03-11,31418,0
2009-03-12,28510,0
2009-03-13,24637,0
2009-03-14,30372,0.5
2009-03-15,15552,0.44
2009-03-16,27169,0.23
2009-03-17,27089,0.16
2009-03-18,32480,0
2009-03-19,29273,0.04
2009-03-20,27602,0.13
2009-03-21,28812,0
2009-03-22,15337,0.01
2009-03-23,27834,0.03
2009-03-24,27747,0
2009-03-25,31435,0
2009-03-26,28994,0
2009-03-27,24905,0
2009-03-28,29860,0
2009-03-29,14205,0.03
2009-03-30,28919,0
2009-03-31,27839,0.06
2009-04-01,31650,0.31
2009-04-02,29585,0.9
2009-04-03,26729,0.15
2009-04-04,26524,0
2009-04-05,12076,0
2009-04-06,17309,0
2009-04-07,15814,0
2009-04-08,16382,0
2009-04-09,14442,0.02
2009-04-10,7714,0.02
2009-04-11,29493,0.03
2009-04-12,13,0.68
2009-04-13,31011,0.15
2009-04-14,29879,0
2009-04-15,32074,0
2009-04-16,26939,0
2009-04-17,24335,0.21
2009-04-18,27894,0
2009-04-19,12526,0
2009-04-20,25080,0
2009-04-21,25702,0
2009-04-22,32626,0
2009-04-23,30542,0.05
2009-04-24,23211,0
2009-04-25,26501,0
2009-04-26,12255,0
2009-04-27,27190,0
2009-04-28,26676,0.06
2009-04-29,30811,0.03
2009-04-30,25988,0
2009-05-01,20356,0
2009-05-02,28489,0.4
2009-05-03,13004,0.2
2009-05-04,26893,0.35
2009-05-05,28644,0.35
2009-05-06,31554,0.65
2009-05-07,29093,0.05
2009-05-08,22885,0.06
2009-05-09,24979,0
2009-05-10,11406,0
2009-05-11,29120,0.06
2009-05-12,27372,0.06
2009-05-13,30665,0.49
2009-05-14,29479,0.19
2009-05-15,23629,0
2009-05-16,23701,0
2009-05-17,11334,0
2009-05-18,28263,0.39
2009-05-19,28446,0.43
2009-05-20,33140,0
2009-05-21,27626,0
2009-05-22,24038,0
2009-05-23,23350,0
2009-05-24,11519,0
2009-05-25,8,0
2009-05-26,34224,0
2009-05-27,32254,0
2009-05-28,28294,0
2009-05-29,22694,0
2009-05-30,26289,0
2009-05-31,12850,0
2009-06-01,26564,0
2009-06-02,25562,0
2009-06-03,29626,0
2009-06-04,26469,0
2009-06-05,26413,0
2009-06-06,29739,0.01
2009-06-07,13363,0
2009-06-08,27619,0
2009-06-09,27132,0
2009-06-10,30536,0
2009-06-11,27741,0
2009-06-12,23851,0
2009-06-13,24810,0
2009-06-14,13469,0
2009-06-15,28201,0
2009-06-16,29050,0
2009-06-17,33443,0
2009-06-18,30106,0
2009-06-19,26549,0.17
2009-06-20,26396,0
2009-06-21,13790,0
2009-06-22,32584,0.02
2009-06-23,30580,0
2009-06-24,34952,0
2009-06-25,31681,0
2009-06-26,25385,0
2009-06-27,23558,0
2009-06-28,12206,0
2009-06-29,29900,0
2009-06-30,29240,0
2009-07-01,33895,0
2009-07-02,31962,0
2009-07-03,24456,0
2009-07-04,5,0
2009-07-05,13611,0
2009-07-06,35011,0
2009-07-07,31824,0
2009-07-08,34214,0
2009-07-09,30167,0
2009-07-10,23219,0
2009-07-11,22386,0
2009-07-12,14521,0
2009-07-13,30664,0.04
2009-07-14,29642,0
2009-07-15,32433,0
2009-07-16,29076,0
2009-07-17,23961,0
2009-07-18,23751,0
2009-07-19,12571,0
2009-07-20,30719,0
2009-07-21,28965,0
2009-07-22,34914,0
2009-07-23,32833,0
2009-07-24,25617,0
2009-07-25,22808,0
2009-07-26,12369,0
2009-07-27,28086,0
2009-07-28,26466,0
2009-07-29,27634,0
2009-07-30,27916,0
2009-07-31,27499,0
2009-08-01,24756,0
2009-08-02,12292,0
2009-08-03,31601,0
2009-08-04,28359,0
2009-08-05,33263,0
2009-08-06,29645,0
2009-08-07,24502,0
2009-08-08,26552,0
2009-08-09,13419,0
2009-08-10,29658,0.02
2009-08-11,30979,0.32
2009-08-12,33667,0.04
2009-08-13,30154,0.23
2009-08-14,25619,0.01
2009-08-15,25114,0
2009-08-16,12091,0
2009-08-17,28829,0
2009-08-18,27898,0
2009-08-19,30745,0
2009-08-20,29811,0
2009-08-21,26970,0
2009-08-22,24952,0
2009-08-23,12911,0
2009-08-24,29682,0
2009-08-25,31384,0.01
2009-08-26,34959,0
2009-08-27,30758,0
2009-08-28,27846,0
2009-08-29,33520,0
2009-08-30,19654,0
2009-09-08,33957,0.01
2009-09-09,29178,0
2009-09-10,26309,0
2009-09-11,21771,0
2009-09-12,24312,0
2009-09-13,11764,0
2009-09-14,29321,0
2009-09-15,27140,0
2009-09-16,28161,0.01
2009-09-17,27102,0.01
2009-09-18,23843,0
2009-09-19,27406,0.41
2009-09-20,12566,0
2009-09-21,26492,0
2009-09-22,26006,0
2009-09-23,30400,0
2009-09-24,28249,0
2009-09-25,24007,0
2009-09-26,25251,0
2009-09-27,12304,0
2009-09-28,26854,0.01
2009-09-29,25686,0.29
2009-09-30,32187,0
2009-10-01,26249,0.06
2009-10-02,23550,0.44
2009-10-03,27925,0
2009-10-04,12730,0
2009-10-05,26247,0
2009-10-06,24632,0
2009-10-07,29962,0
2009-10-08,26213,0
2009-10-09,26313,0
2009-10-10,27907,0
2009-10-11,13060,0
2009-10-12,24204,0
2009-10-13,28400,0.18
2009-10-14,31109,0.56
2009-10-15,27973,0.07
2009-10-16,22243,0.07
2009-10-17,28815,0.07
2009-10-18,13448,0.08
2009-10-19,26529,0
2009-10-20,25742,0.01
2009-10-21,30967,0.15
2009-10-22,27847,0.02
2009-10-23,23625,0.3
2009-10-24,26317,0
2009-10-25,13704,0.05
2009-10-26,25652,0.97
2009-10-27,26009,0.01
2009-10-28,30965,0.06
2009-10-29,26134,0.26
2009-10-30,22494,0.02
2009-10-31,24723,0.28
2009-11-01,14554,0.06
2009-11-02,25611,0.01
2009-11-03,26964,0
2009-11-04,29475,0
2009-11-05,26368,0.07
2009-11-06,25177,0.13
2009-11-07,29350,1.01
2009-11-08,14511,0.59
2009-11-09,26120,0.26
2009-11-10,27199,0.35
2009-11-12,37521,0
2009-11-13,26858,0.33
2009-11-14,29316,0
2009-11-15,14894,0.17
2009-11-16,24316,0.91
2009-11-17,27807,0.52
2009-11-18,31028,0.19
2009-11-19,28358,0.66
2009-11-20,26900,0.34
2009-11-21,30671,0.43
2009-11-22,15556,0.61
2009-11-23,28314,0.61
2009-11-24,30202,0.06
2009-11-25,35591,0.26
2009-11-27,22527,0
2009-11-28,24907,0
2009-11-29,14054,0
2009-11-30,27300,0
2009-12-01,27394,0
2009-12-02,28980,0
2009-12-03,25766,0
2009-12-04,23067,0
2009-12-05,27065,0
2009-12-06,12904,0
2009-12-07,23897,0
2009-12-08,24853,0
2009-12-09,28475,0
2009-12-10,25672,0
2009-12-11,22336,0
2009-12-12,26011,0
2009-12-14,23617,0.43
2009-12-15,23028,0.43
2009-12-16,27438,0.46
2009-12-17,26402,0.01
2009-12-18,23271,0.03
2009-12-19,26238,0.28
2009-12-20,12317,0.14
2009-12-21,27038,0.45
2009-12-22,25898,0.11
2009-12-23,32812,0
2009-12-26,24206,0
2009-12-27,11376,0
2009-12-28,27176,0
2009-12-29,28580,0.03
2009-12-30,33422,0
2009-12-31,25626,0.26
2010-01-01,1,0.39
2010-01-02,32293,0.05
2010-01-03,14463,0.02
2010-01-04,27280,0.02
2010-01-05,28889,0.09
2010-01-06,32861,0
2010-01-07,27368,0.03
2010-01-08,24156,0.91
2010-01-09,31411,0.07
2010-01-10,14816,0.1
2010-01-11,26579,1.03
2010-01-12,28400,0.63
2010-01-13,30838,0.39
2010-01-14,27292,0.31
2010-01-15,24968,0.52
2010-01-16,32070,0.02
2010-01-17,15372,0.12
2010-01-18,2,0
2010-01-19,31196,0.02
2010-01-20,29980,0.02
2010-01-21,27002,0
2010-01-22,23701,0
2010-01-23,29905,0.01
2010-01-24,14105,0.35
2010-01-25,28445,0.12
2010-01-26,27788,0
2010-01-27,31664,0
2010-01-28,31792,0
2010-01-29,27073,0.02
2010-01-30,31560,0.2
2010-01-31,15130,0.06
2010-02-01,26237,0.06
2010-02-02,27597,0.02
2010-02-03,30352,0.27
2010-02-04,26513,0.08
2010-02-05,17055,0.08
2010-02-06,33208,0.24
2010-02-07,11211,0.09
2010-02-08,30891,0
2010-02-09,30234,0
2010-02-10,27598,0.08
2010-02-11,25273,0.23
2010-02-12,17031,0.43
2010-02-13,32209,0.43
2010-02-14,11735,0.66
2010-02-16,38693,0.19
2010-02-17,30820,0
2010-02-18,27943,0
2010-02-19,16771,0
2010-02-20,30088,0
2010-02-21,11200,0
2010-02-22,29268,0
2010-02-23,29562,0.14
2010-02-24,28330,0.11
2010-02-25,28325,0.06
2010-02-26,16615,0.49
2010-02-27,34694,0.49
2010-02-28,11563,0
2010-03-01,29106,0.06
2010-03-02,29134,0.06
2010-03-03,29601,0.06
2010-03-04,26237,0
2010-03-05,16022,0
2010-03-06,29986,0
2010-03-07,12518,0.05
2010-03-08,31188,0.04
2010-03-09,29652,0
2010-03-10,28004,0.03
2010-03-11,26305,0.49
2010-03-12,18252,0.57
2010-03-13,32311,0.01
2010-03-14,11270,0
2010-03-15,31170,0.01
2010-03-16,29217,0.06
2010-03-17,27405,0.06
2010-03-18,25778,0.06
2010-03-19,16368,0
2010-03-20,27508,0
2010-03-21,12600,0.03
2010-03-22,32065,0
2010-03-23,27857,0
2010-03-24,26044,0
2010-03-25,25946,0
2010-03-26,16954,0
2010-03-27,30240,0
2010-03-28,12361,0.65
2010-03-29,32077,0.83
2010-03-30,30615,0.08
2010-03-31,27883,0.01
2010-04-01,26678,0.08
2010-04-02,16840,0.68
2010-04-03,30566,0.17
2010-04-04,7089,0.08
2010-04-05,31861,0.14
2010-04-06,31075,0
2010-04-07,28118,0.11
2010-04-08,25947,0.11
2010-04-09,16225,0.07
2010-04-10,29379,0
2010-04-11,11024,0
2010-04-12,31416,0
2010-04-13,28985,0.08
2010-04-14,25016,0
2010-04-15,25564,0
2010-04-16,14996,0.01
2010-04-17,30172,0.18
2010-04-18,10269,0.18
2010-04-19,30448,0
2010-04-20,29140,0.01
2010-04-21,27717,0.65
2010-04-22,26087,0
2010-04-23,16313,0.11
2010-04-24,30821,0.01
2010-04-25,10982,0
2010-04-26,30463,0.29
2010-04-27,28823,0.29
2010-04-28,26679,0.26
2010-04-29,24277,0.26
2010-04-30,14516,0.03
2010-05-01,28282,0
2010-05-02,11148,0.08
2010-05-03,29822,0.09
2010-05-04,28235,0.44
2010-05-05,26677,0.2
2010-05-06,24133,0
2010-05-07,14481,0
2010-05-08,25531,0
2010-05-09,8518,0
2010-05-10,33192,0.16
2010-05-11,27587,0.01
2010-05-12,25362,0
2010-05-13,23375,0
2010-05-14,14344,0
2010-05-15,25522,0
2010-05-16,11256,0
2010-05-17,32252,0.01
2010-05-18,30248,0.18
2010-05-19,26029,0.28
2010-05-20,27551,0.28
2010-05-21,16416,0.04
2010-05-22,29053,0.09
2010-05-23,12412,0.18
2010-05-24,30853,0
2010-05-25,27500,0.07
2010-05-26,26705,0.28
2010-05-27,27582,0.04
2010-05-28,17632,0.3
2010-05-29,31393,0.04
2010-05-30,11197,0.08
2010-06-01,34137,0.07
2010-06-02,29239,0.21
2010-06-03,25708,0.01
2010-06-04,16636,0.29
2010-06-05,28194,0.04
2010-06-06,12789,0.26
2010-06-07,31892,0.06
2010-06-08,27480,0.23
2010-06-09,27379,0.22
2010-06-10,26297,0.08
2010-06-11,16202,0.08
2010-06-12,25276,0
2010-06-13,10257,0
2010-06-14,31320,0
2010-06-15,30186,0.17
2010-06-16,29606,0.22
2010-06-17,23786,0
2010-06-18,15119,0
2010-06-19,27800,0.03
2010-06-20,11073,0.17
2010-06-21,32820,0.17
2010-06-22,28797,0
2010-06-23,30254,0
2010-06-24,27779,0
2010-06-25,18621,0
2010-06-26,25042,0
2010-06-27,10755,0
2010-06-28,33263,0
2010-06-29,30859,0
2010-06-30,28249,0
2010-07-01,31055,0
2010-07-02,18806,0.17
2010-07-03,27885,0
2010-07-04,3,0.07
2010-07-05,19435,0.07
2010-07-06,29952,0
2010-07-07,26598,0
2010-07-08,24666,0
2010-07-09,15339,0
2010-07-10,25044,0
2010-07-11,9567,0
2010-07-12,36921,0
2010-07-13,31052,0
2010-07-14,26698,0
2010-07-15,26797,0
2010-07-16,16881,0
2010-07-17,27227,0
2010-07-18,10553,0
2010-07-19,33483,0
2010-07-20,31201,0
2010-07-21,27328,0
2010-07-22,28275,0
2010-07-23,15700,0
2010-07-24,24827,0
2010-07-25,9410,0
2010-07-26,31842,0
2010-07-27,29222,0
2010-07-28,24454,0
2010-07-29,26859,0
2010-07-30,15014,0
2010-07-31,26013,0
2010-08-01,10614,0
2010-08-02,32190,0
2010-08-03,27789,0
2010-08-04,26348,0
2010-08-05,24606,0.04
2010-08-06,16735,0
2010-08-07,27813,0.16
2010-08-08,11136,0.01
2010-08-09,34131,0
2010-08-10,31167,0
2010-08-11,25907,0
2010-08-12,26155,0
2010-08-13,15386,0
2010-08-14,23979,0
2010-08-15,8849,0
2010-08-16,31009,0
2010-08-17,28682,0
2010-08-18,27868,0
2010-08-19,26937,0
2010-08-20,16586,0
2010-08-21,25629,0.01
2010-08-22,11607,0
2010-08-23,31460,0
2010-08-24,29214,0
2010-08-25,28631,0
2010-08-26,32874,0
2010-08-27,19980,0
2010-08-28,33849,0
2010-08-29,19469,0
2010-09-07,34703,0.01
2010-09-08,26004,0.25
2010-09-09,24207,0.02
2010-09-10,15799,0
2010-09-11,27225,0
2010-09-12,11713,0
2010-09-13,31741,0
2010-09-14,28755,0
2010-09-15,26506,0.21
2010-09-16,25866,0.44
2010-09-17,16957,0.7
2010-09-18,29756,0.7
2010-09-19,12370,0.63
2010-09-20,29757,0.63
2010-09-21,27599,0
2010-09-22,25259,0
2010-09-23,24574,0.2
2010-09-24,14925,0.03
2010-09-25,24511,0.03
2010-09-26,11822,0.27
2010-09-27,28748,0.04
2010-09-28,26960,0.01
2010-09-29,24961,0
2010-09-30,17918,0
2010-10-01,14576,0
2010-10-02,27027,0
2010-10-03,11123,0
2010-10-04,28334,0
2010-10-05,26199,0
2010-10-06,24674,0.01
2010-10-07,24878,0
2010-10-08,17165,0.08
2010-10-09,27891,1.01
2010-10-10,12162,0.92
2010-10-11,26523,0
2010-10-12,27046,0
2010-10-13,24505,0.01
2010-10-14,23144,0.13
2010-10-15,16670,0
2010-10-16,27935,0
2010-10-17,10536,0
2010-10-18,28704,0
2010-10-19,26284,0
2010-10-20,24792,0.01
2010-10-21,24261,0.01
2010-10-22,16361,0.13
2010-10-23,28616,0.45
2010-10-24,11507,0.68
2010-10-25,28215,0.41
2010-10-26,26234,0.17
2010-10-27,26060,0
2010-10-28,23744,0.09
2010-10-29,14366,0.03
2010-10-30,27646,0.41
2010-10-31,10112,0.06
2010-11-01,26660,0.06
2010-11-02,29606,0
2010-11-03,24254,0
2010-11-04,23365,0
2010-11-05,16369,0
2010-11-06,30538,0.69
2010-11-07,12935,0.03
2010-11-08,29590,0
2010-11-09,26370,0.19
2010-11-10,28268,0
2010-11-12,21134,0
2010-11-13,33680,0
2010-11-14,12140,0.34
2010-11-15,28707,0.34
2010-11-16,25169,0
2010-11-17,25242,0.12
2010-11-18,26068,0.14
2010-11-19,16991,0.08
2010-11-20,34049,0.01
2010-11-21,12715,0
2010-11-22,20585,0.07
2010-11-23,14803,0.07
2010-11-24,22594,0.07
2010-11-26,20185,0.39
2010-11-27,30919,0.01
2010-11-28,13281,0.05
2010-11-29,31372,0.09
2010-11-30,27208,0.69
2010-12-01,25997,0
2010-12-02,23616,0.01
2010-12-03,15877,0
2010-12-04,28759,0
2010-12-05,11867,0
2010-12-06,27606,0
2010-12-07,24945,0
2010-12-08,25157,0.74
2010-12-09,23510,0.99
2010-12-10,16142,0
2010-12-11,28849,1.37
2010-12-12,10902,2.24
2010-12-13,27198,0.34
2010-12-14,26866,0.57
2010-12-15,23932,0.09
2010-12-16,20522,0.02
2010-12-17,15516,0
2010-12-18,28433,0.13
2010-12-19,10494,0.14
2010-12-20,30430,0.07
2010-12-21,27969,0.04
2010-12-22,26719,0.02
2010-12-23,27826,0.43
2010-12-26,10212,0.24
2010-12-27,29495,0.24
2010-12-28,28086,0
2010-12-29,27330,0
2010-12-30,26635,0
2010-12-31,15600,0
2011-01-02,13881,0
2011-01-03,33565,0
2011-01-04,27592,0.03
2011-01-05,25900,0.11
2011-01-06,24368,0.28
2011-01-07,16952,0.52
2011-01-08,29933,0.01
2011-01-09,12382,0.03
2011-01-10,29385,0
2011-01-11,29587,0.12
2011-01-12,24172,0.74
2011-01-13,25719,0.66
2011-01-14,16512,0.08
2011-01-15,31247,0.42
2011-01-16,13927,0.11
2011-01-17,1,0
2011-01-18,35307,0.08
2011-01-19,29892,0
2011-01-20,27457,0.05
2011-01-21,17070,0.68
2011-01-22,33214,0
2011-01-23,12610,0.04
2011-01-24,29036,0.26
2011-01-25,28554,0
2011-01-26,25624,0
2011-01-27,25993,0
2011-01-28,17635,0.07
2011-01-29,31380,0.26
2011-01-30,13105,0
2011-01-31,29886,0
2011-02-01,27416,0
2011-02-02,26596,0
2011-02-03,24577,0.02
2011-02-04,15905,0.06
2011-02-05,32114,0.09
2011-02-06,11001,0.11
2011-02-07,29307,0.06
2011-02-08,28709,0.01
2011-02-09,25732,0.01
2011-02-10,24686,0
2011-02-11,15538,0
2011-02-12,30015,0.45
2011-02-13,12560,0.28
2011-02-14,25381,0.84
2011-02-15,28914,0.15
2011-02-16,26950,0.04
2011-02-17,26384,0.04
2011-02-18,16345,0
2011-02-19,31467,0
2011-02-20,12465,0
2011-02-21,12,0.06
2011-02-22,37867,0.2
2011-02-23,32811,0.08
2011-02-24,26808,0.01
2011-02-25,17816,0
2011-02-26,28395,0
2011-02-27,12053,0.51
2011-02-28,29930,0.51
2011-03-01,28010,0.22
2011-03-02,27023,0.14
2011-03-03,23769,0.35
2011-03-04,16343,0.12
2011-03-05,29715,0
2011-03-06,12219,0
2011-03-07,28690,0
2011-03-08,29213,0.1
2011-03-09,24808,1.47
2011-03-10,24750,0.41
2011-03-11,16956,0
2011-03-12,29249,0.47
2011-03-13,11883,0.65
2011-03-14,30584,0.3
2011-03-15,27502,0.43
2011-03-16,27004,0.22
2011-03-17,25447,0
2011-03-18,17365,0.18
2011-03-19,28009,0
2011-03-20,11220,0.01
2011-03-21,29960,0.01
2011-03-22,29526,0
2011-03-23,25066,0
2011-03-24,25485,0.04
2011-03-25,16098,0.11
2011-03-26,31044,0.08
2011-03-27,12752,0.19
2011-03-28,30482,0.11
2011-03-29,27812,0.13
2011-03-30,26520,0.09
2011-03-31,24876,0.09
2011-04-01,16366,0.85
2011-04-02,31142,0.25
2011-04-03,12796,0.07
2011-04-04,28619,0.12
2011-04-05,28976,0.15
2011-04-06,26397,0.15
2011-04-07,25930,0.09
2011-04-08,14382,0.09
2011-04-09,29328,0
2011-04-10,12885,0.09
2011-04-11,31409,0.04
2011-04-12,26620,0
2011-04-13,26162,0.07
2011-04-14,23773,0.39
2011-04-15,15974,0.02
2011-04-16,30884,0.15
2011-04-17,10816,0
2011-04-18,30259,0.02
2011-04-19,26156,0
2011-04-20,25945,0
2011-04-21,24102,0.04
2011-04-22,14806,0
2011-04-23,23709,0
2011-04-24,7252,0.05
2011-04-25,32966,0.45
2011-04-26,25481,0.03
2011-04-27,25480,0.44
2011-04-28,24355,0.04
2011-04-29,14635,0.04
2011-04-30,26971,0.17
2011-05-01,9379,0
2011-05-02,27649,0.22
2011-05-03,24448,0
2011-05-04,21332,0
2011-05-05,22611,0.04
2011-05-06,14793,0.12
2011-05-07,27770,0.04
2011-05-08,9789,0.17
2011-05-09,28276,0
2011-05-10,25292,0
2011-05-11,24416,0
2011-05-12,22260,0
2011-05-13,13732,0
2011-05-14,26046,0.52
2011-05-15,12220,0.69
2011-05-16,30055,0
2011-05-17,24902,0
2011-05-18,22897,0
2011-05-19,21572,0
2011-05-20,13402,0
2011-05-21,29371,0.1
2011-05-22,11030,0
2011-05-23,29976,0
2011-05-24,26659,0
2011-05-25,25432,0.24
2011-05-26,24598,0.04
2011-05-27,17273,0.09
2011-05-28,27275,0
2011-05-29,10016,0
2011-05-31,33931,0.06
2011-06-01,27534,0.24
2011-06-02,24900,0.25
2011-06-03,14091,0
2011-06-04,24396,0
2011-06-05,10505,0
2011-06-06,27801,0
2011-06-07,28181,0.1
2011-06-08,26307,0
2011-06-09,24274,0
2011-06-10,15830,0
2011-06-11,27863,0
2011-06-12,10712,0
2011-06-13,29554,0.03
2011-06-14,29393,0
2011-06-15,25804,0.11
2011-06-16,24332,0.11
2011-06-17,14559,0
2011-06-18,29259,0.3
2011-06-19,11137,0.03
2011-06-20,30033,0
2011-06-21,26082,0
2011-06-22,30106,0
2011-06-23,28959,0.01
2011-06-24,17964,0.12
2011-06-25,27027,0
2011-06-26,9187,0
2011-06-27,32732,0
2011-06-28,30224,0
2011-06-29,28509,0
2011-06-30,28195,0
2011-07-01,16818,0
2011-07-02,24720,0
2011-07-03,11089,0
2011-07-05,33589,0
2011-07-06,28378,0
2011-07-07,31219,0
2011-07-08,17187,0
2011-07-09,24336,0
2011-07-10,10311,0
2011-07-11,18502,0
2011-07-12,30612,0.09
2011-07-13,27282,0.01
2011-07-14,28032,0
2011-07-15,15464,0.04
2011-07-16,28082,0.33
2011-07-17,11325,0.06
2011-07-18,30387,0
2011-07-19,30478,0
2011-07-20,27605,0
2011-07-21,26387,0
2011-07-22,14298,0
2011-07-23,24442,0
2011-07-24,9548,0
2011-07-25,33150,0.27
2011-07-26,30766,0
2011-07-27,26401,0
2011-07-28,25307,0
2011-07-29,14687,0
2011-07-30,23402,0
2011-07-31,11594,0
2011-08-01,30260,0
2011-08-02,27450,0
2011-08-03,25607,0
2011-08-04,23654,0
2011-08-05,16959,0
2011-08-06,25075,0
2011-08-07,10415,0
2011-08-08,33388,0
2011-08-09,29914,0
2011-08-10,26584,0
2011-08-11,25126,0
2011-08-12,15626,0
2011-08-13,26005,0
2011-08-14,10809,0
2011-08-15,31764,0
2011-08-16,28183,0
2011-08-17,25190,0
2011-08-18,25210,0
2011-08-19,15166,0
2011-08-20,24632,0
2011-08-21,9851,0
2011-08-22,34867,0.08
2011-08-23,30161,0
2011-08-24,26728,0
2011-08-25,26316,0
2011-08-26,17474,0
2011-08-27,30275,0
2011-08-28,16627,0
2011-09-01,2,0
2011-09-06,27011,0
2011-09-07,23571,0
2011-09-08,22745,0
2011-09-09,14591,0
2011-09-10,22955,0
2011-09-11,10602,0
2011-09-12,25509,0
2011-09-13,25684,0
2011-09-14,25113,0
2011-09-15,22823,0
2011-09-16,15895,0
2011-09-17,23129,0.21
2011-09-18,12186,0.13
2011-09-19,25811,0.06
2011-09-20,25285,0
2011-09-21,23171,0
2011-09-22,22856,0
2011-09-23,15121,0
2011-09-24,22731,0
2011-09-25,11611,0.22
2011-09-26,24299,0.32
2011-09-27,24293,0.04
2011-09-28,23385,0.01
2011-09-29,21345,0
2011-09-30,15425,0.02
2011-10-01,21855,0
2011-10-02,10994,0.14
2011-10-03,23971,0.14
2011-10-04,23854,0.02
2011-10-05,23456,0.1
2011-10-06,17712,0.19
2011-10-07,17504,0.05
2011-10-08,22459,0.01
2011-10-09,12460,0.06
2011-10-10,23973,0.18
2011-10-11,26211,0.57
2011-10-12,23285,0.01
2011-10-13,22548,0
2011-10-14,16741,0.01
2011-10-15,22095,0
2011-10-16,11818,0
2011-10-17,23845,0
2011-10-18,22935,0
2011-10-19,22525,0
2011-10-20,22884,0
2011-10-21,16312,0.03
2011-10-22,22457,0.28
2011-10-23,11949,0
2011-10-24,25114,0.02
2011-10-25,23433,0
2011-10-26,23623,0.01
2011-10-27,21470,0
2011-10-28,14580,0.38
2011-10-29,21266,0
2011-10-30,11541,0.14
2011-10-31,20986,0
2011-11-01,23420,0
2011-11-02,22496,0.42
2011-11-03,21421,0
2011-11-04,17465,0.06
2011-11-05,23339,0
2011-11-06,12409,0
2011-11-07,23519,0.01
2011-11-08,23750,0
2011-11-09,22972,0
2011-11-10,24472,0
2011-11-12,21998,0.15
2011-11-13,12347,0.09
2011-11-14,24004,0
2011-11-15,24013,0
2011-11-16,22870,0.38
2011-11-17,22672,0.1
2011-11-18,16318,0.01
2011-11-19,22499,0
2011-11-20,12072,0
2011-11-21,25227,0.42
2011-11-22,25921,1.58
2011-11-23,26228,1
2011-11-25,14515,0
2011-11-26,20863,0.03
2011-11-27,11945,0.33
2011-11-28,24590,0
2011-11-29,24140,0.05
2011-11-30,24290,0
2011-12-01,21296,0
2011-12-02,15725,0
2011-12-03,21710,0
2011-12-04,12119,0
2011-12-05,23415,0
2011-12-06,23020,0
2011-12-07,22642,0
2011-12-08,22115,0
2011-12-09,14455,0
2011-12-10,20980,0
2011-12-11,10944,0.05
2011-12-12,23006,0
2011-12-13,23040,0
2011-12-14,22333,0.01
2011-12-15,20694,0.03
2011-12-16,14849,0
2011-12-17,21259,0
2011-12-18,10760,0.08
2011-12-19,25163,0
2011-12-20,23929,0
2011-12-21,23583,0
2011-12-22,23593,0
2011-12-23,17720,0.01
2011-12-26,19813,0.03
2011-12-27,23211,0.03
2011-12-28,22762,0.47
2011-12-29,23016,0.47
2011-12-30,17721,0.02
2011-12-31,20463,0.02
2012-01-02,19670,0.48
2012-01-03,23096,0.03
2012-01-04,21388,0.65
2012-01-05,23171,0.08
2012-01-06,17177,0.08
2012-01-07,22941,0
2012-01-08,12686,0
2012-01-09,23793,0.17
2012-01-10,23615,0.17
2012-01-11,23745,0
2012-01-12,24086,0
2012-01-13,17566,0
2012-01-14,21897,0.13
2012-01-15,8255,0.23
2012-01-17,27938,0.09
2012-01-18,7957,0.44
2012-01-20,13692,0.39
2012-01-21,21895,0.06
2012-01-22,12979,0.29
2012-01-23,24117,0
2012-01-24,25540,0.24
2012-01-25,23213,0.4
2012-01-26,24733,0.31
2012-01-27,16592,0
2012-01-28,22889,0
2012-01-29,11728,0.67
2012-01-30,11007,0.11
2012-01-31,24731,0.11
2012-02-01,24146,0.45
2012-02-02,23058,0
2012-02-03,15776,0
2012-02-04,21326,0
2012-02-05,10614,0
2012-02-06,24244,0
2012-02-07,23013,0
2012-02-08,21474,0.1
2012-02-09,21751,0.11
2012-02-10,16028,0.09
2012-02-11,21918,0
2012-02-12,12398,0.04
2012-02-13,23165,0.44
2012-02-14,21978,0.04
2012-02-15,23003,0
2012-02-16,22957,0
2012-02-17,15843,0
2012-02-18,22198,0.18
2012-02-19,12988,0
2012-02-21,25517,0
2012-02-22,24156,0.22
2012-02-23,23882,0
2012-02-24,16639,0.49
2012-02-25,20774,0.01
2012-02-26,11679,0
2012-02-27,23974,0
2012-02-28,23203,0.18
2012-02-29,22354,0.08
2012-03-01,23599,0
2012-03-02,16405,0.04
2012-03-03,21574,0
2012-03-04,11997,0
2012-03-05,23252,0.36
2012-03-06,23762,0.05
2012-03-07,23570,0
2012-03-08,22251,0
2012-03-09,16351,0.17
2012-03-10,21745,0.46
2012-03-11,10516,0.31
2012-03-12,24323,0.66
2012-03-13,23885,0.23
2012-03-14,21572,0.44
2012-03-15,22425,1.07
2012-03-16,17610,0.19
2012-03-17,22035,0.19
2012-03-18,12336,0.08
2012-03-19,24136,0.03
2012-03-20,23273,0.12
2012-03-21,22840,0
2012-03-22,22328,0.16
2012-03-23,15191,0
2012-03-24,21694,0
2012-03-25,11222,0
2012-03-26,24561,0
2012-03-27,21983,0.21
2012-03-28,22803,0.15
2012-03-29,22080,1.15
2012-03-30,16480,0.08
2012-03-31,22478,0
2012-04-01,12095,0
2012-04-02,23283,0
2012-04-03,24415,0
2012-04-04,24351,0
2012-04-05,23704,0
2012-04-06,16191,0
2012-04-07,21860,0
2012-04-08,5943,0
2012-04-09,24437,0
2012-04-10,23839,0
2012-04-11,22504,0.08
2012-04-12,22459,0.08
2012-04-13,14712,0
2012-04-14,22033,0
2012-04-15,10402,0
2012-04-16,25943,0.24
2012-04-17,24293,0.07
2012-04-18,24720,0.09
2012-04-19,24192,0.28
2012-04-20,15902,0.28
2012-04-21,19643,0
2012-04-22,9388,0
2012-04-23,24781,0
2012-04-24,24266,0.03
2012-04-25,22497,0.41
2012-04-26,22949,0.16
2012-04-27,14512,0.01
2012-04-28,22081,0
2012-04-29,11113,0
2012-04-30,24895,0.26
2012-05-01,23370,0.05
2012-05-02,22519,0
2012-05-03,22743,0.78
2012-05-04,15630,0.32
2012-05-05,22540,0
2012-05-06,9606,0
2012-05-07,23544,0
2012-05-08,23231,0
2012-05-09,21764,0.01
2012-05-10,21944,0
2012-05-11,13853,0
2012-05-12,21822,0
2012-05-13,7969,0
2012-05-14,23136,0
2012-05-15,23631,0
2012-05-16,22435,0
2012-05-17,22253,0.47
2012-05-18,14613,0
2012-05-19,23509,0
2012-05-20,12243,0.16
2012-05-21,25060,0.41
2012-05-22,23438,0.12
2012-05-23,23347,0.02
2012-05-24,22916,0.01
2012-05-25,15528,0.05
2012-05-26,22544,0
2012-05-27,11823,0
2012-05-29,26430,0
2012-05-30,22382,0.02
2012-05-31,22904,0.15
2012-06-01,15265,0.1
2012-06-02,22300,0.02
2012-06-03,11492,0
2012-06-04,24736,0.03
2012-06-05,23825,0.49
2012-06-06,15228,0
2012-06-07,14966,0.54
2012-06-08,10455,0.05
2012-06-09,7723,0.02
2012-06-10,9430,0
2012-06-11,24838,0
2012-06-12,24444,0
2012-06-13,23938,0
2012-06-14,24369,0
2012-06-15,13681,0
2012-06-16,22040,0
2012-06-17,10617,0
2012-06-18,26205,0.21
2012-06-19,24479,0.03
2012-06-20,23396,0
2012-06-21,24123,0
2012-06-22,17156,0.31
2012-06-23,30943,0.6
2012-06-24,10960,0.01
2012-06-25,34248,0
2012-06-26,28773,0.01
2012-06-27,23568,0
2012-06-28,25337,0
2012-06-29,18307,0
2012-06-30,29310,0
2012-07-01,11914,0
2012-07-02,33540,0
2012-07-03,30430,0
2012-07-05,27156,0
2012-07-06,15870,0
2012-07-07,25044,0
2012-07-08,10579,0
2012-07-09,33843,0
2012-07-10,26311,0
2012-07-11,23432,0
2012-07-12,24813,0
2012-07-13,17240,0
2012-07-14,26427,0
2012-07-15,11777,0
2012-07-16,31836,0
2012-07-17,27954,0
2012-07-18,26334,0
2012-07-19,23941,0
2012-07-20,16831,0
2012-07-21,25050,0
2012-07-22,11316,0
2012-07-23,32350,0
2012-07-24,24204,0
2012-07-25,21742,0
2012-07-26,23547,0
2012-07-27,17307,0
2012-07-28,24864,0
2012-07-29,9400,0
2012-07-30,30674,0
2012-07-31,24741,0
2012-08-01,22552,0
2012-08-02,22546,0
2012-08-03,13631,0
2012-08-04,20730,0
2012-08-05,8246,0
2012-08-06,29417,0
2012-08-07,24850,0
2012-08-08,25520,0
2012-08-09,22832,0
2012-08-10,15573,0
2012-08-11,23821,0
2012-08-12,9381,0
2012-08-13,30516,0
2012-08-14,24477,0
2012-08-15,23142,0
2012-08-16,23494,0
2012-08-17,15791,0
2012-08-18,27389,0
2012-08-19,10461,0
2012-08-20,32091,0
2012-08-21,26807,0
2012-08-22,25931,0
2012-08-23,26342,0
2012-08-24,17497,0
2012-08-25,29400,0
2012-08-26,18038,0
2012-09-04,30481,0
2012-09-05,21221,0
2012-09-06,20081,0
2012-09-07,14477,0
2012-09-08,27129,0
2012-09-09,12796,0
2012-09-10,31670,0.02
2012-09-11,25601,0
2012-09-12,23094,0
2012-09-13,2,0
2012-09-14,9210,0
2012-09-15,26543,0
2012-09-16,11338,0
2012-09-17,26777,0
2012-09-18,23657,0
2012-09-19,23305,0
2012-09-20,21137,0
2012-09-21,15037,0
2012-09-22,27888,0.02
2012-09-23,10853,0
2012-09-24,24941,0
2012-09-25,23692,0
2012-09-26,24468,0
2012-09-28,18247,0
2012-09-29,29340,0
2012-09-30,11587,0
2012-10-01,26244,0
2012-10-02,24256,0
2012-10-03,21554,0
2012-10-04,21938,0
2012-10-05,15659,0
2012-10-06,27812,0
2012-10-07,11213,0
2012-10-08,25819,0
2012-10-09,24865,0
2012-10-10,22622,0
2012-10-11,21365,0
2012-10-12,16950,0.09
2012-10-13,28829,0.09
2012-10-14,11145,0.52
2012-10-15,26001,0.22
2012-10-16,22660,0
2012-10-17,22082,0
2012-10-18,21289,0.64
2012-10-19,15319,0.1
2012-10-20,28234,0.18
2012-10-21,12416,0.14
2012-10-22,23703,0.26
2012-10-23,23679,0
2012-10-24,22819,0.19
2012-10-25,22021,0
2012-10-26,14470,0.06
2012-10-27,26630,0.75
2012-10-28,11369,0.26
2012-10-29,26221,0.57
2012-10-30,20506,1.2
2012-10-31,18367,0.64
2012-11-01,22944,0.34
2012-11-02,15818,0.19
2012-11-03,31394,0.02
2012-11-04,12673,0.17
2012-11-05,25724,0.05
2012-11-06,21468,0.01
2012-11-07,21996,0
2012-11-08,22366,0
2012-11-09,15774,0
2012-11-10,29102,0
2012-11-12,21829,0.13
2012-11-13,26653,0.19
2012-11-14,25068,0
2012-11-15,23477,0
2012-11-16,15290,0.25
2012-11-17,32543,0.25
2012-11-18,12721,0.63
2012-11-19,25853,2.49
2012-11-20,29089,0.22
2012-11-21,31257,0.52
2012-11-23,14378,0.95
2012-11-24,26492,0
2012-11-25,12697,0
2012-11-26,28486,0
2012-11-27,23790,0
2012-11-28,21559,0.12
2012-11-29,23049,0.11
2012-11-30,15511,1.51
2012-12-01,30386,0.28
2012-12-02,12407,1
2012-12-03,26424,0.41
2012-12-04,23561,0.46
2012-12-05,22696,0.02
2012-12-06,21459,0.07
2012-12-07,14175,0.07
2012-12-08,26571,0.07
2012-12-09,10273,0.06
2012-12-10,25326,0
2012-12-11,22482,0.1
2012-12-12,20587,0.28
2012-12-13,20627,0.08
2012-12-14,13072,0.08
2012-12-15,25825,0.24
2012-12-16,10078,0.92
2012-12-17,26446,0.11
2012-12-18,22353,0.05
2012-12-19,19671,0.99
2012-12-20,23502,0.64
2012-12-21,15955,0.07
2012-12-22,27326,0.12
2012-12-23,11730,0.39
2012-12-26,26854,0.25
2012-12-27,23318,0.27
2012-12-28,15996,0.27
2012-12-29,25460,0.06
2012-12-30,10587,0
2012-12-31,23514,0
2013-01-02,30070,0
2013-01-03,25915,0.18
2013-01-04,18758,0.07
2013-01-05,32046,0.1
2013-01-06,17000,0.03
2013-01-07,27205,0.02
2013-01-08,23147,0.53
2013-01-09,24782,1.15
2013-01-10,24782,0
2013-01-11,18658,0
2013-01-12,32090,0
2013-01-13,18258,0
2013-01-14,26724,0
2013-01-15,23392,0
2013-01-16,24491,0
2013-01-17,23695,0
2013-01-18,17041,0
2013-01-19,30304,0
2013-01-20,19193,0
2013-01-21,3,0
2013-01-22,29588,0
2013-01-23,23987,0.21
2013-01-24,24272,0.16
2013-01-25,17828,0.09
2013-01-26,32440,0.16
2013-01-27,19995,0.01
2013-01-28,25345,0.21
2013-01-29,22819,0.21
2013-01-30,23123,0.06
2013-01-31,23528,0.08
2013-02-01,19347,0
2013-02-02,30544,0
2013-02-03,16016,0
2013-02-04,26125,0
2013-02-05,23249,0.18
2013-02-06,23790,0.08
2013-02-07,22645,0.09
2013-02-08,16110,0
2013-02-09,30539,0.01
2013-02-10,18431,0.01
2013-02-11,25321,0.01
2013-02-12,22554,0
2013-02-13,22377,0
2013-02-14,23373,0.03
2013-02-15,18182,0
2013-02-16,29549,0
2013-02-17,18491,0
2013-02-19,30244,0
2013-02-20,24300,0.07
2013-02-21,24205,0.07
2013-02-22,17222,0.34
2013-02-23,30174,0
2013-02-24,18684,0
2013-02-25,26590,0.14
2013-02-26,22933,0.01
2013-02-27,22146,0.32
2013-02-28,23248,0.25
2013-03-01,18132,0.04
2013-03-02,30620,0.21
2013-03-03,18813,0
2013-03-04,25747,0
2013-03-05,23513,0
2013-03-06,22677,0.61
2013-03-07,23840,0.26
2013-03-08,16588,0
2013-03-09,27531,0
2013-03-10,18443,0
2013-03-11,25017,0.03
2013-03-12,23885,0.01
2013-03-13,23080,0.15
2013-03-14,23606,0.05
2013-03-15,17228,0
2013-03-16,28601,0.04
2013-03-17,17036,0
2013-03-18,25699,0
2013-03-19,22956,0.37
2013-03-20,23826,0.72
2013-03-21,23319,0.1
2013-03-22,17023,0.01
2013-03-23,27549,0
2013-03-24,17554,0
2013-03-25,24729,0
2013-03-26,21792,0
2013-03-27,22295,0.01
2013-03-28,22034,0.06
2013-03-29,14901,0.01
2013-03-30,23837,0
2013-03-31,9178,0
2013-04-01,26951,0
2013-04-02,24994,0
2013-04-03,22262,0
2013-04-04,21674,0.41
2013-04-05,18015,0.44
2013-04-06,28328,0.44
2013-04-07,18781,0.96
2013-04-08,25334,0.04
2013-04-09,23229,0
2013-04-10,23452,0.15
2013-04-11,24062,0.09
2013-04-12,17673,0.18
2013-04-13,28691,0.31
2013-04-14,16667,0.06
2013-04-15,25877,0.06
2013-04-16,22730,0.06
2013-04-17,22028,0
2013-04-18,22768,0.18
2013-04-19,16767,0.67
2013-04-20,27222,0.01
2013-04-21,17784,0.01
2013-04-22,24849,0
2013-04-23,21715,0
2013-04-24,19472,0
2013-04-25,20973,0
2013-04-26,15531,0
2013-04-27,27999,0
2013-04-28,17108,0.08
2013-04-29,25993,0.15
2013-04-30,22073,0
2013-05-01,21131,0
2013-05-02,20851,0
2013-05-03,14248,0
2013-05-04,22051,0
2013-05-05,13303,0
2013-05-06,23644,0
2013-05-07,21340,0
2013-05-08,21880,0
2013-05-09,21585,0
2013-05-10,13411,0
2013-05-11,22777,0
2013-05-12,14965,0.08
2013-05-13,26404,0.11
2013-05-14,22193,0
2013-05-15,22833,0.03
2013-05-16,21295,0
2013-05-17,15850,0.02
2013-05-18,26025,0
2013-05-19,15918,0
2013-05-20,25170,0
2013-05-21,22644,0.39
2013-05-22,23365,0.21
2013-05-23,24751,0.08
2013-05-24,18134,0.02
2013-05-25,24880,0
2013-05-26,16185,0.08
2013-05-28,30247,0.01
2013-05-29,23900,0.17
2013-05-30,23202,0
2013-05-31,15582,0
2013-06-01,25973,0
2013-06-02,15419,0
2013-06-03,25316,0
2013-06-04,20854,0
2013-06-05,21547,0
2013-06-06,21433,0
2013-06-07,16948,0
2013-06-08,27011,0
2013-06-09,16924,0
2013-06-10,25406,0
2013-06-11,23716,0
2013-06-12,22755,0
2013-06-13,22635,0
2013-06-14,16794,0
2013-06-15,25433,0
2013-06-16,14616,0
2013-06-17,31053,0
2013-06-18,26192,0
2013-06-19,28304,0
2013-06-20,27914,0
2013-06-21,18270,0.01
2013-06-22,21456,0
2013-06-23,18254,0
2013-06-24,32049,0.01
2013-06-25,24701,0.01
2013-06-26,26739,0.56
2013-06-27,26331,0.13
2013-06-28,16411,0
2013-06-29,23901,0
2013-06-30,13237,0
2013-07-01,27055,0
2013-07-02,25948,0
2013-07-03,28550,0
2013-07-05,19210,0
2013-07-06,24225,0
2013-07-07,17688,0
2013-07-08,29642,0
2013-07-09,24602,0
2013-07-10,24897,0
2013-07-11,25201,0
2013-07-12,16697,0
2013-07-13,23587,0
2013-07-14,15511,0
2013-07-15,29387,0
2013-07-16,24464,0
2013-07-17,26494,0
2013-07-18,24876,0
2013-07-19,16828,0
2013-07-20,24350,0
2013-07-21,15391,0
2013-07-22,29202,0
2013-07-23,23771,0
2013-07-24,23023,0
2013-07-25,23573,0
2013-07-26,16336,0
2013-07-27,24001,0
2013-07-28,16336,0
2013-07-29,27659,0
2013-07-30,24010,0
2013-07-31,24925,0
2013-08-01,24804,0
2013-08-02,16540,0
2013-08-03,24411,0
2013-08-04,14966,0
2013-08-05,26760,0
2013-08-06,22809,0
2013-08-07,22496,0
2013-08-08,23481,0
2013-08-09,16480,0
2013-08-10,23604,0
2013-08-11,15358,0
2013-08-12,28063,0
2013-08-13,23562,0
2013-08-14,24380,0
2013-08-15,26924,0
2013-08-16,16785,0
2013-08-17,23832,0
2013-08-18,15236,0
2013-08-19,28117,0
2013-08-20,23555,0
2013-08-21,23585,0
2013-08-22,22751,0
2013-08-23,16233,0
2013-08-24,24591,0
2013-08-25,15535,0
2013-08-26,28609,0
2013-08-27,24383,0
2013-08-28,24310,0
2013-08-29,24563,0.38
2013-08-30,17032,0
2013-08-31,23186,0
2013-09-01,14621,0
2013-09-03,33459,0.12
2013-09-04,23636,0
2013-09-05,23217,0.46
2013-09-06,16916,1.08
2013-09-07,28465,0
2013-09-08,16100,0
2013-09-09,25758,0
2013-09-10,22335,0
2013-09-11,21308,0
2013-09-12,22696,0
2013-09-13,16455,0
2013-09-14,26435,0
2013-09-15,17029,0.21
2013-09-16,26595,0
2013-09-17,23130,0
2013-09-18,22455,0
2013-09-19,22220,0
2013-09-20,15624,0.15
2013-09-21,26891,0.01
2013-09-22,15725,0.37
2013-09-23,25701,0.08
2013-09-24,22020,0.01
2013-09-25,23213,0.04
2013-09-26,21285,0.01
2013-09-27,15973,0.05
2013-09-28,24970,1.21
2013-09-29,17899,0.62
2013-09-30,25402,0.63
2013-10-01,23844,0.08
2013-10-02,2,0.19
2013-10-03,27094,0.02
2013-10-04,16772,0.02
2013-10-05,25568,0
2013-10-06,16383,0
2013-10-07,27735,0.1
2013-10-08,22278,0.39
2013-10-09,21278,0
2013-10-10,22205,0.03
2013-10-11,18725,0.53
2013-10-12,27216,0.06
2013-10-13,15568,0
2013-10-14,25175,0.01
2013-10-15,22363,0
2013-10-16,22843,0
2013-10-17,21755,0.01
2013-10-18,15602,0
2013-10-19,26024,0
2013-10-20,16392,0
2013-10-21,25973,0
2013-10-22,21607,0
2013-10-23,20360,0.01
2013-10-24,20793,0.01
2013-10-25,15505,0
2013-10-26,26472,0.01
2013-10-27,16542,0.06
2013-10-28,25091,0
2013-10-29,21141,0
2013-10-30,20937,0
2013-10-31,17887,0.01
2013-11-01,16612,0.01
2013-11-02,27996,0.38
2013-11-03,17286,0.02
2013-11-04,25930,0.01
2013-11-05,22839,0.05
2013-11-06,22509,0.09
2013-11-07,22114,0.94
2013-11-08,15409,0
2013-11-09,31474,0.09
2013-11-10,20323,0
2013-11-12,29783,0.14
2013-11-13,23155,0
2013-11-14,22357,0
2013-11-15,13689,0.08
2013-11-16,30083,0
2013-11-17,18789,0.05
2013-11-18,24750,0.8
2013-11-19,23123,0.11
2013-11-20,22228,0.11
2013-11-21,22318,0
2013-11-22,15225,0
2013-11-23,31776,0.08
2013-11-24,18567,0
2013-11-25,27333,0
2013-11-26,25618,0
2013-11-27,27879,0
2013-11-29,12750,0.01
2013-11-30,26057,0.06
2013-12-01,17585,0.03
2013-12-02,23707,0.11
2013-12-03,21785,0.01
2013-12-04,20848,0
2013-12-05,20653,0
2013-12-06,15517,0
2013-12-07,27687,0
2013-12-08,15567,0
2013-12-09,25571,0
2013-12-10,21552,0
2013-12-11,20986,0
2013-12-12,19244,0.22
2013-12-13,15120,0.22
2013-12-14,25117,0
2013-12-15,15434,0.03
2013-12-16,24150,0
2013-12-17,20296,0
2013-12-18,21559,0.04
2013-12-19,20871,0
2013-12-20,13058,0.1
2013-12-21,23733,0.1
2013-12-22,12896,0.21
2013-12-23,27128,0.01
2013-12-26,24107,0
2013-12-27,15511,0.03
2013-12-28,23218,0
2013-12-29,12435,0
2013-12-30,26410,0.02
2013-12-31,21419,0.01
2014-01-01,2,0.01
2014-01-02,29438,0.53
2014-01-03,19147,0.03
2014-01-04,29807,0
2014-01-05,17612,0
2014-01-06,26835,0
2014-01-07,21732,0.34
2014-01-08,21632,0.44
2014-01-09,23992,0.09
2014-01-10,17690,0.15
2014-01-11,25003,0.91
2014-01-12,21069,0.02
2014-01-13,27519,0.01
2014-01-14,21787,0
2014-01-15,22756,0
2014-01-16,23334,0
2014-01-17,17016,0
2014-01-18,30174,0
2014-01-19,15803,0
2014-01-20,2,0
2014-01-21,31158,0
2014-01-22,23816,0
2014-01-23,22995,0
2014-01-24,15539,0
2014-01-25,28249,0
2014-01-26,18498,0
2014-01-27,25912,0
2014-01-28,21872,0.35
2014-01-29,21589,0.77
2014-01-30,23436,0.77
2014-01-31,17404,0.03
2014-02-01,27965,0.03
2014-02-02,11575,0
2014-02-03,24000,0
2014-02-04,22451,0
2014-02-05,19041,0
2014-02-06,21537,0
2014-02-07,16325,0
2014-02-08,28456,0.09
2014-02-09,12884,0.01
2014-02-10,24332,0.54
2014-02-11,20973,0.75
2014-02-12,22660,0.14
2014-02-13,20534,0
2014-02-14,15670,0.41
2014-02-15,28169,0.51
2014-02-16,18742,0.51
2014-02-18,30452,0.44
2014-02-19,23983,0.02
2014-02-20,23889,0.03
2014-02-21,16422,0.23
2014-02-22,28621,0.09
2014-02-23,18184,0.18
2014-02-24,25186,0.39
2014-02-25,22652,0
2014-02-26,22431,0
2014-02-27,22026,0
2014-02-28,15768,0
2014-03-01,28453,0.7
2014-03-02,17600,0.7
2014-03-03,26419,0.37
2014-03-04,23521,0.41
2014-03-05,22660,1.44
2014-03-06,22607,0.21
2014-03-07,15943,0
2014-03-08,26956,1.12
2014-03-09,17277,0.26
2014-03-10,25537,0.44
2014-03-11,22163,0
2014-03-12,20572,0
2014-03-13,21294,0
2014-03-14,15898,0.11
2014-03-15,26827,0.2
2014-03-16,16538,1.09
2014-03-17,25354,0.01
2014-03-18,22424,0.01
2014-03-19,22973,0
2014-03-20,21930,0
2014-03-21,15200,0
2014-03-22,24610,0
2014-03-23,12249,0
2014-03-24,19393,0
2014-03-25,14009,0.22
2014-03-26,6746,0.06
2014-03-27,10254,0.03
2014-03-28,16091,0.51
2014-03-29,27641,0.63
2014-03-30,17560,0.02
2014-03-31,24596,0
2014-04-01,20945,0
2014-04-02,21190,0
2014-04-03,21477,0.11
2014-04-04,15596,0
2014-04-05,26792,0.08
2014-04-06,16411,0
2014-04-07,22541,0
2014-04-08,20219,0.37
2014-04-09,22508,0.01
2014-04-10,22382,0
2014-04-11,15445,0
2014-04-12,24278,0
2014-04-13,13377,0
2014-04-14,24292,0
2014-04-15,21638,0.01
2014-04-16,22694,0.41
2014-04-17,21739,0.7
2014-04-18,15566,0.7
2014-04-19,23836,0.36
2014-04-20,9118,0
2014-04-21,25650,0.14
2014-04-22,22292,0.53
2014-04-23,22814,0.22
2014-04-24,22489,0.3
2014-04-25,14773,0.05
2014-04-26,24138,0.05
2014-04-27,17347,0.05
2014-04-28,24458,0
2014-04-29,19533,0
2014-04-30,18184,0
2014-05-01,18291,0
2014-05-02,14837,0
2014-05-03,25593,0
2014-05-04,16982,0.26
2014-05-05,26049,0.26
2014-05-06,21705,0
2014-05-07,19585,0
2014-05-08,20851,0.32
2014-05-09,16085,0.07
2014-05-10,24588,0
2014-05-11,12625,0.01
2014-05-12,23375,0
2014-05-13,19051,0
2014-05-14,19294,0
2014-05-15,19532,0
2014-05-16,14087,0
2014-05-17,23028,0
2014-05-18,15603,0.04
2014-05-19,25147,0
2014-05-20,20917,0
2014-05-21,21104,0
2014-05-22,21160,0
2014-05-23,16934,0.16
2014-05-24,23675,0
2014-05-25,16391,0.27
2014-05-27,28365,0.01
2014-05-28,22307,0.03
2014-05-29,22067,0
2014-05-30,14349,0
2014-05-31,23798,0
2014-06-01,15282,0
2014-06-02,24235,0
2014-06-03,22838,0
2014-06-04,22493,0
2014-06-05,20307,0
2014-06-06,14332,0
2014-06-07,22798,0
2014-06-08,14248,0
2014-06-09,24955,0
2014-06-10,22074,0
2014-06-11,20892,0
2014-06-12,21051,0
2014-06-13,15738,0.03
2014-06-14,24087,0.03
2014-06-15,14764,0.01
2014-06-16,26054,0.11
2014-06-17,22958,0.11
2014-06-18,22098,0
2014-06-19,21834,0
2014-06-20,18092,0
2014-06-21,20602,0
2014-06-22,13581,0
2014-06-23,28983,0
2014-06-24,24442,0
2014-06-25,23911,0
2014-06-26,23500,0
2014-06-27,16946,0
2014-06-28,24654,0
2014-06-29,14081,0
2014-06-30,26339,0
2014-07-01,20297,0
2014-07-02,25328,0
2014-07-03,27399,0
2014-07-05,22987,0
2014-07-06,13542,0
2014-07-07,27639,0
2014-07-08,21413,0
2014-07-09,22523,0
2014-07-10,23152,0
2014-07-11,15512,0
2014-07-12,22033,0
2014-07-13,14299,0
2014-07-14,29801,0
2014-07-15,23141,0
2014-07-16,22726,0
2014-07-17,24606,0
2014-07-18,15392,0
2014-07-19,23712,0
2014-07-20,16467,0
2014-07-21,27605,0
2014-07-22,24318,0
2014-07-23,23038,0
2014-07-24,24737,0
2014-07-25,16398,0
2014-07-26,22478,0
2014-07-27,13968,0
2014-07-28,26281,0
2014-07-29,21351,0
2014-07-30,21425,0
2014-07-31,21593,0
2014-08-01,15735,0
2014-08-02,21737,0
2014-08-03,13907,0
2014-08-04,26223,0
2014-08-05,22880,0
2014-08-06,22095,0
2014-08-07,21709,0
2014-08-08,15705,0
2014-08-09,21875,0
2014-08-10,13360,0
2014-08-11,24678,0
2014-08-12,25042,0
2014-08-13,24102,0
2014-08-14,23011,0
2014-08-15,15945,0
2014-08-16,21854,0
2014-08-17,14090,0
2014-08-18,25851,0
2014-08-19,22242,0
2014-08-20,23464,0
2014-08-21,23003,0
2014-08-22,15417,0
2014-08-23,21408,0
2014-08-24,14022,0
2014-08-25,24450,0
2014-08-26,21873,0
2014-08-27,21312,0
2014-08-28,22108,0
2014-08-29,16014,0
2014-08-30,23834,0
2014-08-31,15149,0
2014-09-02,31444,0
2014-09-03,22719,0
2014-09-04,19796,0
2014-09-05,14031,0
2014-09-06,23891,0
2014-09-07,16231,0
2014-09-08,26891,0
2014-09-09,22134,0
2014-09-10,21659,0
2014-09-11,21154,0
2014-09-12,14500,0
2014-09-13,22948,0
2014-09-14,13698,0
2014-09-15,23238,0
2014-09-16,21434,0
2014-09-17,21352,0
2014-09-18,21196,0
2014-09-19,14063,0
2014-09-20,24224,0
2014-09-21,13236,0
2014-09-22,25152,0
2014-09-23,21377,0
2014-09-24,19473,0.66
2014-09-25,20812,0.27
2014-09-26,16157,0.09
2014-09-27,24480,0
2014-09-28,15723,0
2014-09-29,23559,0
2014-09-30,21923,0
2014-10-01,18897,0
2014-10-02,16603,0
2014-10-03,16197,0
2014-10-04,25199,0
2014-10-05,15346,0
2014-10-06,22464,0
2014-10-07,21047,0
2014-10-08,19043,0
2014-10-09,17984,0
2014-10-10,17498,0
2014-10-11,26104,0
2014-10-12,14637,0
2014-10-13,23987,0
2014-10-14,22023,0.11
2014-10-15,21840,0.45
2014-10-16,20817,0
2014-10-17,14509,0.14
2014-10-18,25696,0.31
2014-10-19,14062,0
2014-10-20,23645,0.44
2014-10-21,19964,0.1
2014-10-22,19229,1.43
2014-10-23,20983,0.35
2014-10-24,14584,0.13
2014-10-25,24784,0.37
2014-10-26,16285,0.05
2014-10-27,24073,0.01
2014-10-28,21043,0.01
2014-10-29,20744,0.04
2014-10-30,18366,0.67
2014-10-31,11925,0.77
2014-11-01,27408,0
2014-11-02,15880,0.11
2014-11-03,24705,0.24
2014-11-04,21677,0.05
2014-11-05,20770,0.27
2014-11-06,20279,0.22
2014-11-07,15671,0
2014-11-08,24446,0
2014-11-09,15601,0.29
2014-11-10,26699,0
2014-11-11,1,0
2014-11-12,26276,0
2014-11-13,21201,0
2014-11-14,16080,0
2014-11-15,25971,0
2014-11-16,17005,0
2014-11-17,24248,0
2014-11-18,20511,0
2014-11-19,22741,0
2014-11-20,20830,0.11
2014-11-21,13892,0.67
2014-11-22,28172,0.03
2014-11-23,15271,0.42
2014-11-24,25482,0.01
2014-11-25,23074,0.33
2014-11-26,27712,0.01
2014-12-14,12785,0
2014-12-15,22398,0
2014-12-16,19434,0
2014-12-17,19880,0.16
2014-12-18,18037,0.6
2014-12-19,15336,0.13
2014-12-20,24205,0.6
2014-12-21,14157,0
2014-12-22,23418,0
2014-12-23,22954,0.61
2014-12-26,17298,0
2014-12-27,22943,0.12
2014-12-28,11486,0.06
2014-12-29,24402,0
2014-12-30,21813,0
2014-12-31,19285,0
2015-01-02,21827,0.03
2015-01-03,27646,0
2015-01-04,16913,0.22
2015-01-05,24025,0.22
2015-01-06,21120,0.01
2015-01-07,21563,0
2015-01-08,21410,0
2015-01-09,15578,0.01
2015-01-10,27007,0.18
2015-01-11,18283,0.06
2015-01-12,25473,0
2015-01-13,21308,0
2015-01-14,21147,0
2015-01-15,20202,0.43
2015-01-16,15104,0
2015-01-17,26724,0.76
2015-01-18,11991,0.23
2015-01-20,28483,0
2015-01-21,20937,0
2015-01-22,19839,0.03
